,summary,config,name
0,"{'_runtime': 1.389412, '_step': 201, '_timestamp': 1728681136.60179, '_wandb': {'runtime': 1}, 'epoch': 199, 'mae_train': 0.1154822391725624, 'mae_val': 0.1873417610982644, 'mse_train': 0.02791242106500567, 'mse_val': 0.055653951902691824, 'r2_train': 0.24872109117197727, 'r2_val': -0.13691762105013372, 'rmse_train': 0.16707010823305787, 'rmse_val': 0.23591089822789413, 'train_loss': 0.013956210532502835, 'train_mse': 0.02791242106500567, 'train_r_squared': 0.24872109117197727, 'train_rmse': 0.16707010823305787, 'val_loss': 0.027826975951345912, 'val_mse': 0.055653951902691824, 'val_r_squared': -0.13691762105013372, 'val_rmse': 0.23591089822789413}","{'l_r': 0.001, 'optimizer': 'mini_batch_gradient_descent', 'no_of_epochs': 200, 'neurons_per_layer': [8], 'activation_function': 'relu'}",l_r_0.001_act_relu_opt_mini_batch_gradient_descent_hl_1_neurons_[8]_epochs_200
1,"{'_runtime': 1.662116, '_step': 73, '_timestamp': 1728681152.23132, '_wandb': {'runtime': 1}, 'epoch': 71, 'mae_train': 0.32454464572172614, 'mae_val': 0.3916458356909438, 'mse_train': 0.15824822523306695, 'mse_val': 0.2649170756946731, 'r2_train': -3.2593422369270044, 'r2_val': -4.411814995653135, 'rmse_train': 0.3978042549207675, 'rmse_val': 0.5147009575420208, 'train_loss': 0.079994779677991, 'train_mse': 0.159989559355982, 'train_r_squared': -3.306211248995928, 'train_rmse': 0.39998694898206616, 'val_loss': 0.13239486590027594, 'val_mse': 0.2647897318005519, 'val_r_squared': -4.409213571815116, 'val_rmse': 0.5145772359914028}","{'l_r': 0.001, 'optimizer': 'batch_gradient_descent', 'no_of_epochs': 200, 'neurons_per_layer': [8], 'activation_function': 'relu'}",l_r_0.001_act_relu_opt_batch_gradient_descent_hl_1_neurons_[8]_epochs_200
2,"{'_runtime': 0.680972, '_step': 7, '_timestamp': 1728681168.084623, '_wandb': {'runtime': 0}, 'epoch': 5, 'mae_train': 0.12976684572466385, 'mae_val': 0.20363852617225267, 'mse_train': 0.02961860259476188, 'mse_val': 0.06053731345430311, 'r2_train': 0.20279823141887587, 'r2_val': -0.236676570921168, 'rmse_train': 0.17210055954226844, 'rmse_val': 0.2460433162154646, 'train_loss': 0.015003862981375756, 'train_mse': 0.030007725962751513, 'train_r_squared': 0.1923247515791335, 'train_rmse': 0.173227382254514, 'val_loss': 0.030206191546398992, 'val_mse': 0.060412383092797985, 'val_r_squared': -0.2341244515380254, 'val_rmse': 0.2457893063027722}","{'l_r': 0.001, 'optimizer': 'sgd', 'no_of_epochs': 200, 'neurons_per_layer': [8], 'activation_function': 'relu'}",l_r_0.001_act_relu_opt_sgd_hl_1_neurons_[8]_epochs_200
3,"{'_runtime': 1.466468, '_step': 30, '_timestamp': 1728681183.550237, '_wandb': {'runtime': 1}, 'epoch': 28, 'mae_train': 0.1611552025403701, 'mae_val': 0.24859918000700537, 'mse_train': 0.0408478210994343, 'mse_val': 0.11440769922281271, 'r2_train': -0.09944266002992984, 'r2_val': -1.337158903965061, 'rmse_train': 0.2021084389614503, 'rmse_val': 0.3382420719289851, 'train_loss': 0.020552577737475992, 'train_mse': 0.041105155474951985, 'train_r_squared': -0.10636896314038435, 'train_rmse': 0.20274406396970537, 'val_loss': 0.05712706525945215, 'val_mse': 0.1142541305189043, 'val_r_squared': -1.3340217509050127, 'val_rmse': 0.33801498564250715}","{'l_r': 0.001, 'optimizer': 'mini_batch_gradient_descent', 'no_of_epochs': 400, 'neurons_per_layer': [8], 'activation_function': 'relu'}",l_r_0.001_act_relu_opt_mini_batch_gradient_descent_hl_1_neurons_[8]_epochs_400
4,"{'_runtime': 2.171529, '_step': 367, '_timestamp': 1728681191.112535, '_wandb': {'runtime': 2}, 'epoch': 365, 'mae_train': 0.1947431819475289, 'mae_val': 0.17470327730172353, 'mse_train': 0.08774108876631666, 'mse_val': 0.056303722048019575, 'r2_train': -1.3616020005653948, 'r2_val': -0.15019134380655297, 'rmse_train': 0.2962112232281496, 'rmse_val': 0.23728405350553916, 'train_loss': 0.04410724745213657, 'train_mse': 0.08821449490427315, 'train_r_squared': -1.374343999760955, 'train_rmse': 0.2970092505365332, 'val_loss': 0.028142710517970463, 'val_mse': 0.05628542103594093, 'val_r_squared': -0.14981748458534905, 'val_rmse': 0.23724548686105904}","{'l_r': 0.001, 'optimizer': 'batch_gradient_descent', 'no_of_epochs': 400, 'neurons_per_layer': [8], 'activation_function': 'relu'}",l_r_0.001_act_relu_opt_batch_gradient_descent_hl_1_neurons_[8]_epochs_400
5,"{'_runtime': 0.531151, '_step': 6, '_timestamp': 1728681200.985574, '_wandb': {'runtime': 0}, 'epoch': 4, 'mae_train': 0.20618273758344588, 'mae_val': 0.4289394946604067, 'mse_train': 0.06769272453595052, 'mse_val': 0.2786553449227492, 'r2_train': -0.8219887162967778, 'r2_val': -4.692464973491906, 'rmse_train': 0.260178255309606, 'rmse_val': 0.5278781534812264, 'train_loss': 0.03469772569470756, 'train_mse': 0.06939545138941512, 'train_r_squared': -0.8678185914453314, 'train_rmse': 0.263430164160096, 'val_loss': 0.14391088260481155, 'val_mse': 0.2878217652096231, 'val_r_squared': -4.879719685687723, 'val_rmse': 0.5364902284381544}","{'l_r': 0.001, 'optimizer': 'sgd', 'no_of_epochs': 400, 'neurons_per_layer': [8], 'activation_function': 'relu'}",l_r_0.001_act_relu_opt_sgd_hl_1_neurons_[8]_epochs_400
6,"{'_runtime': 0.599397, '_step': 16, '_timestamp': 1728681216.517979, '_wandb': {'runtime': 0}, 'epoch': 14, 'mae_train': 0.19326848042506653, 'mae_val': 0.2966824066017292, 'mse_train': 0.06636803905901104, 'mse_val': 0.13494378424192444, 'r2_train': -0.7863340427972034, 'r2_val': -1.7566769458542395, 'rmse_train': 0.25761995081711164, 'rmse_val': 0.3673469534948186, 'train_loss': 0.035403961280081366, 'train_mse': 0.07080792256016273, 'train_r_squared': -0.9058360675158934, 'train_rmse': 0.26609758089874236, 'val_loss': 0.06296966064129102, 'val_mse': 0.12593932128258203, 'val_r_squared': -1.5727307523391931, 'val_rmse': 0.3548793052328947}","{'l_r': 0.001, 'optimizer': 'mini_batch_gradient_descent', 'no_of_epochs': 200, 'neurons_per_layer': [16, 10], 'activation_function': 'relu'}","l_r_0.001_act_relu_opt_mini_batch_gradient_descent_hl_2_neurons_[16, 10]_epochs_200"
7,"{'_runtime': 1.418663, '_step': 201, '_timestamp': 1728681228.306381, '_wandb': {'runtime': 1}, 'epoch': 199, 'mae_train': 0.2993073237991088, 'mae_val': 0.22730443471916476, 'mse_train': 0.12717748365130177, 'mse_val': 0.09081630245977589, 'r2_train': -2.4230553101261147, 'r2_val': -0.8552259276334309, 'rmse_train': 0.35661952225208, 'rmse_val': 0.301357433058778, 'train_loss': 0.06358874182565089, 'train_mse': 0.12717748365130177, 'train_r_squared': -2.4230553101261147, 'train_rmse': 0.35661952225208, 'val_loss': 0.045408151229887936, 'val_mse': 0.09081630245977589, 'val_r_squared': -0.8552259276334309, 'val_rmse': 0.301357433058778}","{'l_r': 0.001, 'optimizer': 'batch_gradient_descent', 'no_of_epochs': 200, 'neurons_per_layer': [16, 10], 'activation_function': 'relu'}","l_r_0.001_act_relu_opt_batch_gradient_descent_hl_2_neurons_[16, 10]_epochs_200"
8,"{'_runtime': 3.16197, '_step': 201, '_timestamp': 1728681241.740675, '_wandb': {'runtime': 3}, 'epoch': 199, 'mae_train': 0.06643011339603945, 'mae_val': 0.17708323206999213, 'mse_train': 0.008361312816244717, 'mse_val': 0.05656580898611714, 'r2_train': 0.7749504439500754, 'r2_val': -0.15554534380086027, 'rmse_train': 0.09144021443678224, 'rmse_val': 0.23783567643673045, 'train_loss': 0.004180656408122358, 'train_mse': 0.008361312816244717, 'train_r_squared': 0.7749504439500754, 'train_rmse': 0.09144021443678224, 'val_loss': 0.02828290449305857, 'val_mse': 0.05656580898611714, 'val_r_squared': -0.15554534380086027, 'val_rmse': 0.23783567643673045}","{'l_r': 0.001, 'optimizer': 'sgd', 'no_of_epochs': 200, 'neurons_per_layer': [16, 10], 'activation_function': 'relu'}","l_r_0.001_act_relu_opt_sgd_hl_2_neurons_[16, 10]_epochs_200"
9,"{'_runtime': 2.922762, '_step': 56, '_timestamp': 1728681251.039066, '_wandb': {'runtime': 2}, 'epoch': 54, 'mae_train': 0.17444927635800225, 'mae_val': 0.2478648088997396, 'mse_train': 0.05107024064640188, 'mse_val': 0.09324568940676396, 'r2_train': -0.37458497695551074, 'r2_val': -0.904854260104936, 'rmse_train': 0.225987257708044, 'rmse_val': 0.3053615715946654, 'train_loss': 0.025701539794178812, 'train_mse': 0.051403079588357624, 'train_r_squared': -0.38354352901180255, 'train_rmse': 0.2267224726143344, 'val_loss': 0.046593354593843145, 'val_mse': 0.09318670918768628, 'val_r_squared': -0.9036493923808964, 'val_rmse': 0.3052649819217499}","{'l_r': 0.001, 'optimizer': 'mini_batch_gradient_descent', 'no_of_epochs': 400, 'neurons_per_layer': [16, 10], 'activation_function': 'relu'}","l_r_0.001_act_relu_opt_mini_batch_gradient_descent_hl_2_neurons_[16, 10]_epochs_400"
10,"{'_runtime': 1.422697, '_step': 52, '_timestamp': 1728681260.3708858, '_wandb': {'runtime': 1}, 'epoch': 50, 'mae_train': 0.2391757493592496, 'mae_val': 0.2489306558918949, 'mse_train': 0.09554017882332808, 'mse_val': 0.07946288203974347, 'r2_train': -1.5715190068414615, 'r2_val': -0.6232944422055122, 'rmse_train': 0.309095743780674, 'rmse_val': 0.2818916139932926, 'train_loss': 0.04869532240290286, 'train_mse': 0.09739064480580573, 'train_r_squared': -1.6213253658420477, 'train_rmse': 0.31207474233876364, 'val_loss': 0.03942563672364011, 'val_mse': 0.07885127344728023, 'val_r_squared': -0.6108002964677051, 'val_rmse': 0.28080468914759993}","{'l_r': 0.001, 'optimizer': 'batch_gradient_descent', 'no_of_epochs': 400, 'neurons_per_layer': [16, 10], 'activation_function': 'relu'}","l_r_0.001_act_relu_opt_batch_gradient_descent_hl_2_neurons_[16, 10]_epochs_400"
11,"{'_runtime': 0.618802, '_step': 7, '_timestamp': 1728681276.134797, '_wandb': {'runtime': 0}, 'epoch': 5, 'mae_train': 0.11763268959317248, 'mae_val': 0.18199592570596887, 'mse_train': 0.023945383243371383, 'mse_val': 0.053187432728072984, 'r2_train': 0.35549620175718644, 'r2_val': -0.08653073896159391, 'rmse_train': 0.15474295862290918, 'rmse_val': 0.2306240072673983, 'train_loss': 0.012405284394797912, 'train_mse': 0.024810568789595824, 'train_r_squared': 0.3322092338661716, 'train_rmse': 0.1575137098464633, 'val_loss': 0.026829803433878103, 'val_mse': 0.05365960686775621, 'val_r_squared': -0.09617647086844316, 'val_rmse': 0.2316454335137134}","{'l_r': 0.001, 'optimizer': 'sgd', 'no_of_epochs': 400, 'neurons_per_layer': [16, 10], 'activation_function': 'relu'}","l_r_0.001_act_relu_opt_sgd_hl_2_neurons_[16, 10]_epochs_400"
12,"{'_runtime': 1.376765, '_step': 162, '_timestamp': 1728681291.9739451, '_wandb': {'runtime': 1}, 'epoch': 160, 'mae_train': 0.12901332546724517, 'mae_val': 0.12630551072509374, 'mse_train': 0.02943877211796488, 'mse_val': 0.02987671438877177, 'r2_train': 0.2076384724021797, 'r2_val': 0.38966844426309655, 'rmse_train': 0.17157730653546488, 'rmse_val': 0.17284881946016226, 'train_loss': 0.01475919603030281, 'train_mse': 0.02951839206060562, 'train_r_squared': 0.20549545573269137, 'train_rmse': 0.171809173388983, 'val_loss': 0.0149337218734249, 'val_mse': 0.0298674437468498, 'val_r_squared': 0.3898578280498574, 'val_rmse': 0.1728220001818339}","{'l_r': 0.001, 'optimizer': 'mini_batch_gradient_descent', 'no_of_epochs': 200, 'neurons_per_layer': [16, 10, 5], 'activation_function': 'relu'}","l_r_0.001_act_relu_opt_mini_batch_gradient_descent_hl_3_neurons_[16, 10, 5]_epochs_200"
13,"{'_runtime': 1.49619, '_step': 201, '_timestamp': 1728681303.1677282, '_wandb': {'runtime': 1}, 'epoch': 199, 'mae_train': 0.1693908474787878, 'mae_val': 0.15175039914730573, 'mse_train': 0.04632816488270451, 'mse_val': 0.05011544875690158, 'r2_train': -0.24694927322944116, 'r2_val': -0.023775218661526765, 'rmse_train': 0.21523978461870033, 'rmse_val': 0.22386480017390312, 'train_loss': 0.023164082441352256, 'train_mse': 0.04632816488270451, 'train_r_squared': -0.24694927322944116, 'train_rmse': 0.21523978461870033, 'val_loss': 0.02505772437845079, 'val_mse': 0.05011544875690158, 'val_r_squared': -0.023775218661526765, 'val_rmse': 0.22386480017390312}","{'l_r': 0.001, 'optimizer': 'batch_gradient_descent', 'no_of_epochs': 200, 'neurons_per_layer': [16, 10, 5], 'activation_function': 'relu'}","l_r_0.001_act_relu_opt_batch_gradient_descent_hl_3_neurons_[16, 10, 5]_epochs_200"
14,"{'_runtime': 0.592067, '_step': 6, '_timestamp': 1728681314.064716, '_wandb': {'runtime': 0}, 'epoch': 4, 'mae_train': 0.14897573713090778, 'mae_val': 0.1671944548809626, 'mse_train': 0.03348163664847904, 'mse_val': 0.04376297168984403, 'r2_train': 0.09882244222154656, 'r2_val': 0.10599531636682724, 'rmse_train': 0.18297988044722033, 'rmse_val': 0.20919601260503037, 'train_loss': 0.01766597493472965, 'train_mse': 0.0353319498694593, 'train_r_squared': 0.049020194884754065, 'train_rmse': 0.1879679490483931, 'val_loss': 0.021957910163086656, 'val_mse': 0.04391582032617331, 'val_r_squared': 0.10287287308912284, 'val_rmse': 0.20956101814548744}","{'l_r': 0.001, 'optimizer': 'sgd', 'no_of_epochs': 200, 'neurons_per_layer': [16, 10, 5], 'activation_function': 'relu'}","l_r_0.001_act_relu_opt_sgd_hl_3_neurons_[16, 10, 5]_epochs_200"
15,"{'_runtime': 1.348785, '_step': 23, '_timestamp': 1728681324.572146, '_wandb': {'runtime': 1}, 'epoch': 21, 'mae_train': 0.14819264163523227, 'mae_val': 0.1835163824127351, 'mse_train': 0.04149577792170096, 'mse_val': 0.060835599330092346, 'r2_train': -0.1168827915493873, 'r2_val': -0.2427700549721856, 'rmse_train': 0.2037051249274327, 'rmse_val': 0.2466487367291638, 'train_loss': 0.022179354048536992, 'train_mse': 0.044358708097073984, 'train_r_squared': -0.1939402081452424, 'train_rmse': 0.21061507091629028, 'val_loss': 0.02996432288701404, 'val_mse': 0.05992864577402808, 'val_r_squared': -0.22424250312525773, 'val_rmse': 0.24480327974524377}","{'l_r': 0.001, 'optimizer': 'mini_batch_gradient_descent', 'no_of_epochs': 400, 'neurons_per_layer': [16, 10, 5], 'activation_function': 'relu'}","l_r_0.001_act_relu_opt_mini_batch_gradient_descent_hl_3_neurons_[16, 10, 5]_epochs_400"
16,"{'_runtime': 3.998662, '_step': 401, '_timestamp': 1728681334.638106, '_wandb': {'runtime': 3}, 'epoch': 399, 'mae_train': 0.124501609092201, 'mae_val': 0.23718881985305967, 'mse_train': 0.02765199597976974, 'mse_val': 0.08301766119028053, 'r2_train': 0.2557305825167746, 'r2_val': -0.6959126645781761, 'rmse_train': 0.16628889313411688, 'rmse_val': 0.28812785563058724, 'train_loss': 0.01382599798988487, 'train_mse': 0.02765199597976974, 'train_r_squared': 0.2557305825167746, 'train_rmse': 0.16628889313411688, 'val_loss': 0.04150883059514027, 'val_mse': 0.08301766119028053, 'val_r_squared': -0.6959126645781761, 'val_rmse': 0.28812785563058724}","{'l_r': 0.001, 'optimizer': 'batch_gradient_descent', 'no_of_epochs': 400, 'neurons_per_layer': [16, 10, 5], 'activation_function': 'relu'}","l_r_0.001_act_relu_opt_batch_gradient_descent_hl_3_neurons_[16, 10, 5]_epochs_400"
17,"{'_runtime': 2.002837, '_step': 82, '_timestamp': 1728681343.026924, '_wandb': {'runtime': 2}, 'epoch': 80, 'mae_train': 0.08078636719815681, 'mae_val': 0.20490291500376032, 'mse_train': 0.01198565249090715, 'mse_val': 0.07107254219348205, 'r2_train': 0.6773992516095355, 'r2_val': -0.4518937618999632, 'rmse_train': 0.10947900479501606, 'rmse_val': 0.26659434013774946, 'train_loss': 0.0060337405895495595, 'train_mse': 0.01206748117909912, 'train_r_squared': 0.6751967852798496, 'train_rmse': 0.10985208773209146, 'val_loss': 0.03551279739854121, 'val_mse': 0.07102559479708243, 'val_r_squared': -0.4509347047188581, 'val_rmse': 0.26650627534278143}","{'l_r': 0.001, 'optimizer': 'sgd', 'no_of_epochs': 400, 'neurons_per_layer': [16, 10, 5], 'activation_function': 'relu'}","l_r_0.001_act_relu_opt_sgd_hl_3_neurons_[16, 10, 5]_epochs_400"
18,"{'_runtime': 1.380806, '_step': 175, '_timestamp': 1728681357.205029, '_wandb': {'runtime': 1}, 'epoch': 173, 'mae_train': 0.28897045762505674, 'mae_val': 0.32352151316829475, 'mse_train': 0.14119292303465145, 'mse_val': 0.1817362775645477, 'r2_train': -2.8002889432153375, 'r2_val': -2.712569714877673, 'rmse_train': 0.37575646772165006, 'rmse_val': 0.4263053806422664, 'train_loss': 0.07082859818483739, 'train_mse': 0.14165719636967478, 'train_r_squared': -2.812785127753467, 'train_rmse': 0.37637374559030384, 'val_loss': 0.0908429650483042, 'val_mse': 0.1816859300966084, 'val_r_squared': -2.711541199893229, 'val_rmse': 0.426246325610683}","{'l_r': 0.0001, 'optimizer': 'mini_batch_gradient_descent', 'no_of_epochs': 200, 'neurons_per_layer': [8], 'activation_function': 'relu'}",l_r_0.0001_act_relu_opt_mini_batch_gradient_descent_hl_1_neurons_[8]_epochs_200
19,"{'_runtime': 1.367004, '_step': 201, '_timestamp': 1728681372.839021, '_wandb': {'runtime': 1}, 'epoch': 199, 'mae_train': 0.4748693449531196, 'mae_val': 0.2414303326470497, 'mse_train': 0.33334886356645593, 'mse_val': 0.08724791000956011, 'r2_train': -7.972276890493287, 'r2_val': -0.7823296082028544, 'rmse_train': 0.577363718609384, 'rmse_val': 0.2953775719474316, 'train_loss': 0.16667443178322797, 'train_mse': 0.33334886356645593, 'train_r_squared': -7.972276890493287, 'train_rmse': 0.577363718609384, 'val_loss': 0.04362395500478006, 'val_mse': 0.08724791000956011, 'val_r_squared': -0.7823296082028544, 'val_rmse': 0.2953775719474316}","{'l_r': 0.0001, 'optimizer': 'batch_gradient_descent', 'no_of_epochs': 200, 'neurons_per_layer': [8], 'activation_function': 'relu'}",l_r_0.0001_act_relu_opt_batch_gradient_descent_hl_1_neurons_[8]_epochs_200
20,"{'_runtime': 0.650781, '_step': 17, '_timestamp': 1728681388.895676, '_wandb': {'runtime': 0}, 'epoch': 15, 'mae_train': 0.19820240380814608, 'mae_val': 0.2183776872595505, 'mse_train': 0.07586432996379798, 'mse_val': 0.07722979128614772, 'r2_train': -1.0419321885920985, 'r2_val': -0.5776761142994156, 'rmse_train': 0.2754348016569402, 'rmse_val': 0.277902485210456, 'train_loss': 0.03955491626911509, 'train_mse': 0.07910983253823017, 'train_r_squared': -1.1292867619212772, 'train_rmse': 0.28126470190592734, 'val_loss': 0.03786315294619252, 'val_mse': 0.07572630589238503, 'val_r_squared': -0.5469624097245995, 'val_rmse': 0.27518413088763866}","{'l_r': 0.0001, 'optimizer': 'sgd', 'no_of_epochs': 200, 'neurons_per_layer': [8], 'activation_function': 'relu'}",l_r_0.0001_act_relu_opt_sgd_hl_1_neurons_[8]_epochs_200
21,"{'_runtime': 1.424642, '_step': 358, '_timestamp': 1728681395.272886, '_wandb': {'runtime': 1}, 'epoch': 356, 'mae_train': 0.1960058990374977, 'mae_val': 0.17288221716733312, 'mse_train': 0.08403165104058345, 'mse_val': 0.05531031893893312, 'r2_train': -1.2617603451079882, 'r2_val': -0.12989777145609138, 'rmse_train': 0.28988213301371896, 'rmse_val': 0.23518145959861103, 'train_loss': 0.04215483737509677, 'train_mse': 0.08430967475019353, 'train_r_squared': -1.2692435135761673, 'train_rmse': 0.29036128314600335, 'val_loss': 0.027652718764259284, 'val_mse': 0.05530543752851857, 'val_r_squared': -0.12979805236470354, 'val_rmse': 0.23517108140355727}","{'l_r': 0.0001, 'optimizer': 'mini_batch_gradient_descent', 'no_of_epochs': 400, 'neurons_per_layer': [8], 'activation_function': 'relu'}",l_r_0.0001_act_relu_opt_mini_batch_gradient_descent_hl_1_neurons_[8]_epochs_400
22,"{'_runtime': 0.46578, '_step': 6, '_timestamp': 1728681405.848479, '_wandb': {'runtime': 0}, 'epoch': 4, 'mae_train': 0.2580582363333019, 'mae_val': 0.6674125796434579, 'mse_train': 0.1333741649539201, 'mse_val': 0.6057371624064872, 'r2_train': -2.5898425607391657, 'r2_val': -11.37420219266644, 'rmse_train': 0.3652042783893969, 'rmse_val': 0.7782911809897933, 'train_loss': 0.06674306188431452, 'train_mse': 0.13348612376862903, 'train_r_squared': -2.592855996798772, 'train_rmse': 0.36535752868748855, 'val_loss': 0.30277958498721325, 'val_mse': 0.6055591699744265, 'val_r_squared': -11.3705661034849, 'val_rmse': 0.7781768243621925}","{'l_r': 0.0001, 'optimizer': 'batch_gradient_descent', 'no_of_epochs': 400, 'neurons_per_layer': [8], 'activation_function': 'relu'}",l_r_0.0001_act_relu_opt_batch_gradient_descent_hl_1_neurons_[8]_epochs_400
23,"{'_runtime': 1.398996, '_step': 46, '_timestamp': 1728681421.9126751, '_wandb': {'runtime': 1}, 'epoch': 44, 'mae_train': 0.15871938122308232, 'mae_val': 0.14348343176921485, 'mse_train': 0.05436761423968139, 'mse_val': 0.0405413229964136, 'r2_train': -0.46333568866869634, 'r2_val': 0.1718082378786424, 'rmse_train': 0.2331686390569739, 'rmse_val': 0.2013487596098213, 'train_loss': 0.02774159255832005, 'train_mse': 0.0554831851166401, 'train_r_squared': -0.4933619221226124, 'train_rmse': 0.23554868948189903, 'val_loss': 0.02019574995996632, 'val_mse': 0.04039149991993264, 'val_r_squared': 0.17486887400361997, 'val_rmse': 0.20097636657063095}","{'l_r': 0.0001, 'optimizer': 'sgd', 'no_of_epochs': 400, 'neurons_per_layer': [8], 'activation_function': 'relu'}",l_r_0.0001_act_relu_opt_sgd_hl_1_neurons_[8]_epochs_400
24,"{'_runtime': 1.422754, '_step': 73, '_timestamp': 1728681432.9834812, '_wandb': {'runtime': 1}, 'epoch': 71, 'mae_train': 0.23963640203077444, 'mae_val': 0.2502711686597106, 'mse_train': 0.0899161808898464, 'mse_val': 0.0796028928923829, 'r2_train': -1.42014585934999, 'r2_val': -0.6261546309263841, 'rmse_train': 0.2998602689417963, 'rmse_val': 0.2821398463393338, 'train_loss': 0.04582917508224395, 'train_mse': 0.0916583501644879, 'train_r_squared': -1.4670373500092255, 'train_rmse': 0.3027513008468963, 'val_loss': 0.03963189829864209, 'val_mse': 0.07926379659728418, 'val_r_squared': -0.6192274579233845, 'val_rmse': 0.281538268441937}","{'l_r': 0.0001, 'optimizer': 'mini_batch_gradient_descent', 'no_of_epochs': 200, 'neurons_per_layer': [16, 10], 'activation_function': 'relu'}","l_r_0.0001_act_relu_opt_mini_batch_gradient_descent_hl_2_neurons_[16, 10]_epochs_200"
25,"{'_runtime': 1.4654, '_step': 171, '_timestamp': 1728681447.985131, '_wandb': {'runtime': 1}, 'epoch': 169, 'mae_train': 0.2701937197311159, 'mae_val': 0.2485911003608357, 'mse_train': 0.1117456906471059, 'mse_val': 0.08088275258744548, 'r2_train': -2.0076997025830887, 'r2_val': -0.6523000346226511, 'rmse_train': 0.334283847421777, 'rmse_val': 0.2843989321137572, 'train_loss': 0.05597219422965776, 'train_mse': 0.11194438845931552, 'train_r_squared': -2.0130477687789843, 'train_rmse': 0.3345809146668643, 'val_loss': 0.0404399833990062, 'val_mse': 0.0808799667980124, 'val_r_squared': -0.6522431255804946, 'val_rmse': 0.28439403439244715}","{'l_r': 0.0001, 'optimizer': 'batch_gradient_descent', 'no_of_epochs': 200, 'neurons_per_layer': [16, 10], 'activation_function': 'relu'}","l_r_0.0001_act_relu_opt_batch_gradient_descent_hl_2_neurons_[16, 10]_epochs_200"
26,"{'_runtime': 0.867329, '_step': 15, '_timestamp': 1728681454.925735, '_wandb': {'runtime': 0}, 'epoch': 13, 'mae_train': 0.18288659118645076, 'mae_val': 0.1680973571751002, 'mse_train': 0.06559587447720792, 'mse_val': 0.046577416325707104, 'r2_train': -0.7655507878046801, 'r2_val': 0.048500896103960134, 'rmse_train': 0.25611691564050965, 'rmse_val': 0.21581801668467604, 'train_loss': 0.0337762047518501, 'train_mse': 0.0675524095037002, 'train_r_squared': -0.818212056290264, 'train_rmse': 0.2599084637015505, 'val_loss': 0.02265148049563516, 'val_mse': 0.04530296099127032, 'val_r_squared': 0.07453589770628921, 'val_rmse': 0.2128449223995497}","{'l_r': 0.0001, 'optimizer': 'sgd', 'no_of_epochs': 200, 'neurons_per_layer': [16, 10], 'activation_function': 'relu'}","l_r_0.0001_act_relu_opt_sgd_hl_2_neurons_[16, 10]_epochs_200"
27,"{'_runtime': 1.46083, '_step': 207, '_timestamp': 1728681465.42039, '_wandb': {'runtime': 1}, 'epoch': 205, 'mae_train': 0.16568087389771524, 'mae_val': 0.19990146542283388, 'mse_train': 0.044417329531709314, 'mse_val': 0.05882750291932137, 'r2_train': -0.1955180378628507, 'r2_val': -0.2017479870664809, 'rmse_train': 0.21075419220435287, 'rmse_val': 0.242543816493683, 'train_loss': 0.022224647617675328, 'train_mse': 0.044449295235350655, 'train_r_squared': -0.19637841320957028, 'train_rmse': 0.210830015024784, 'val_loss': 0.02941337151765116, 'val_mse': 0.05882674303530232, 'val_r_squared': -0.2017324639005298, 'val_rmse': 0.2425422500004944}","{'l_r': 0.0001, 'optimizer': 'mini_batch_gradient_descent', 'no_of_epochs': 400, 'neurons_per_layer': [16, 10], 'activation_function': 'relu'}","l_r_0.0001_act_relu_opt_mini_batch_gradient_descent_hl_2_neurons_[16, 10]_epochs_400"
28,"{'_runtime': 1.385699, '_step': 401, '_timestamp': 1728681481.109053, '_wandb': {'runtime': 1}, 'epoch': 399, 'mae_train': 0.35597332276384497, 'mae_val': 0.225039766744056, 'mse_train': 0.17919651728728064, 'mse_val': 0.08449154161561113, 'r2_train': -3.8231775975232023, 'r2_val': -0.7260215889149253, 'rmse_train': 0.4233160961826052, 'rmse_val': 0.29067428784743093, 'train_loss': 0.08959825864364032, 'train_mse': 0.17919651728728064, 'train_r_squared': -3.8231775975232023, 'train_rmse': 0.4233160961826052, 'val_loss': 0.04224577080780557, 'val_mse': 0.08449154161561113, 'val_r_squared': -0.7260215889149253, 'val_rmse': 0.29067428784743093}","{'l_r': 0.0001, 'optimizer': 'batch_gradient_descent', 'no_of_epochs': 400, 'neurons_per_layer': [16, 10], 'activation_function': 'relu'}","l_r_0.0001_act_relu_opt_batch_gradient_descent_hl_2_neurons_[16, 10]_epochs_400"
29,"{'_runtime': 5.856502, '_step': 401, '_timestamp': 1728681502.256906, '_wandb': {'runtime': 5}, 'epoch': 399, 'mae_train': 0.08169062624917021, 'mae_val': 0.1288612567062414, 'mse_train': 0.011068808811268503, 'mse_val': 0.03617360826400879, 'r2_train': 0.7020766279503632, 'r2_val': 0.26103338134506937, 'rmse_train': 0.10520840656177864, 'rmse_val': 0.19019360731635748, 'train_loss': 0.0055344044056342525, 'train_mse': 0.011068808811268503, 'train_r_squared': 0.7020766279503632, 'train_rmse': 0.10520840656177864, 'val_loss': 0.018086804132004395, 'val_mse': 0.03617360826400879, 'val_r_squared': 0.26103338134506937, 'val_rmse': 0.19019360731635748}","{'l_r': 0.0001, 'optimizer': 'sgd', 'no_of_epochs': 400, 'neurons_per_layer': [16, 10], 'activation_function': 'relu'}","l_r_0.0001_act_relu_opt_sgd_hl_2_neurons_[16, 10]_epochs_400"
30,"{'_runtime': 1.372036, '_step': 130, '_timestamp': 1728681508.538477, '_wandb': {'runtime': 1}, 'epoch': 128, 'mae_train': 0.2337399553043941, 'mae_val': 0.2035230295406363, 'mse_train': 0.10938408414021908, 'mse_val': 0.06498999784859102, 'r2_train': -1.9441357016158112, 'r2_val': -0.3276375031779126, 'rmse_train': 0.33073264752700043, 'rmse_val': 0.2549313590921898, 'train_loss': 0.055296541646858904, 'train_mse': 0.1105930832937178, 'train_r_squared': -1.976676611008772, 'train_rmse': 0.3325553837990265, 'val_loss': 0.03246937190040729, 'val_mse': 0.06493874380081457, 'val_r_squared': -0.3265904682760772, 'val_rmse': 0.25483081407242447}","{'l_r': 0.0001, 'optimizer': 'mini_batch_gradient_descent', 'no_of_epochs': 200, 'neurons_per_layer': [16, 10, 5], 'activation_function': 'relu'}","l_r_0.0001_act_relu_opt_mini_batch_gradient_descent_hl_3_neurons_[16, 10, 5]_epochs_200"
31,"{'_runtime': 1.429566, '_step': 201, '_timestamp': 1728681524.2953868, '_wandb': {'runtime': 1}, 'epoch': 199, 'mae_train': 0.46521424148550766, 'mae_val': 0.6637034239822772, 'mse_train': 0.2731287773751639, 'mse_val': 0.5095929739770753, 'r2_train': -6.351418544384278, 'r2_val': -9.410136421055425, 'rmse_train': 0.5226172379238594, 'rmse_val': 0.7138578107558082, 'train_loss': 0.13656438868758194, 'train_mse': 0.2731287773751639, 'train_r_squared': -6.351418544384278, 'train_rmse': 0.5226172379238594, 'val_loss': 0.25479648698853763, 'val_mse': 0.5095929739770753, 'val_r_squared': -9.410136421055425, 'val_rmse': 0.7138578107558082}","{'l_r': 0.0001, 'optimizer': 'batch_gradient_descent', 'no_of_epochs': 200, 'neurons_per_layer': [16, 10, 5], 'activation_function': 'relu'}","l_r_0.0001_act_relu_opt_batch_gradient_descent_hl_3_neurons_[16, 10, 5]_epochs_200"
32,"{'_runtime': 1.463191, '_step': 53, '_timestamp': 1728681541.062846, '_wandb': {'runtime': 1}, 'epoch': 51, 'mae_train': 0.13282986618091436, 'mae_val': 0.1558499119455478, 'mse_train': 0.03710587658715486, 'mse_val': 0.04995548774638102, 'r2_train': 0.0012739343325998131, 'r2_val': -0.02050748141512626, 'rmse_train': 0.19262885709870903, 'rmse_val': 0.22350724316312665, 'train_loss': 0.018651435077648264, 'train_mse': 0.03730287015529653, 'train_r_squared': -0.00402826115144439, 'train_rmse': 0.19313950956574505, 'val_loss': 0.024959352433243147, 'val_mse': 0.049918704866486294, 'val_r_squared': -0.01975606839097299, 'val_rmse': 0.2234249423553384}","{'l_r': 0.0001, 'optimizer': 'sgd', 'no_of_epochs': 200, 'neurons_per_layer': [16, 10, 5], 'activation_function': 'relu'}","l_r_0.0001_act_relu_opt_sgd_hl_3_neurons_[16, 10, 5]_epochs_200"
33,"{'_runtime': 1.455877, '_step': 246, '_timestamp': 1728681556.102766, '_wandb': {'runtime': 1}, 'epoch': 244, 'mae_train': 0.17264137782361963, 'mae_val': 0.1516389497998665, 'mse_train': 0.0589046589347186, 'mse_val': 0.0477802849069863, 'r2_train': -0.5854528629493945, 'r2_val': 0.0239282927378055, 'rmse_train': 0.24270282020347148, 'rmse_val': 0.21858701907246528, 'train_loss': 0.02949727826257898, 'train_mse': 0.05899455652515796, 'train_r_squared': -0.5878725084360492, 'train_rmse': 0.24288795055572016, 'val_loss': 0.023889104417876728, 'val_mse': 0.047778208835753455, 'val_r_squared': 0.023970703418206063, 'val_rmse': 0.2185822701770513}","{'l_r': 0.0001, 'optimizer': 'mini_batch_gradient_descent', 'no_of_epochs': 400, 'neurons_per_layer': [16, 10, 5], 'activation_function': 'relu'}","l_r_0.0001_act_relu_opt_mini_batch_gradient_descent_hl_3_neurons_[16, 10, 5]_epochs_400"
34,"{'_runtime': 1.335078, '_step': 401, '_timestamp': 1728681562.149917, '_wandb': {'runtime': 1}, 'epoch': 399, 'mae_train': 0.48542109508216874, 'mae_val': 0.333814051888923, 'mse_train': 0.287370616756206, 'mse_val': 0.16259177117451218, 'r2_train': -6.734745863966296, 'r2_val': -2.321479308590002, 'rmse_train': 0.5360696006641358, 'rmse_val': 0.40322669948121265, 'train_loss': 0.143685308378103, 'train_mse': 0.287370616756206, 'train_r_squared': -6.734745863966296, 'train_rmse': 0.5360696006641358, 'val_loss': 0.08129588558725609, 'val_mse': 0.16259177117451218, 'val_r_squared': -2.321479308590002, 'val_rmse': 0.40322669948121265}","{'l_r': 0.0001, 'optimizer': 'batch_gradient_descent', 'no_of_epochs': 400, 'neurons_per_layer': [16, 10, 5], 'activation_function': 'relu'}","l_r_0.0001_act_relu_opt_batch_gradient_descent_hl_3_neurons_[16, 10, 5]_epochs_400"
35,"{'_runtime': 0.665351, '_step': 9, '_timestamp': 1728681577.866386, '_wandb': {'runtime': 0}, 'epoch': 7, 'mae_train': 0.17523922201648656, 'mae_val': 0.178815946589346, 'mse_train': 0.057306426720895774, 'mse_val': 0.04895889217052106, 'r2_train': -0.5424355212842542, 'r2_val': -0.0001486922812141689, 'rmse_train': 0.2393876077011836, 'rmse_val': 0.22126656360715927, 'train_loss': 0.030452870325738377, 'train_mse': 0.06090574065147675, 'train_r_squared': -0.6393131312915974, 'train_rmse': 0.24679088445782743, 'val_loss': 0.02302166691325421, 'val_mse': 0.04604333382650842, 'val_r_squared': 0.059411312771138536, 'val_rmse': 0.21457710461861587}","{'l_r': 0.0001, 'optimizer': 'sgd', 'no_of_epochs': 400, 'neurons_per_layer': [16, 10, 5], 'activation_function': 'relu'}","l_r_0.0001_act_relu_opt_sgd_hl_3_neurons_[16, 10, 5]_epochs_400"
36,"{'_runtime': 2.718943, '_step': 43, '_timestamp': 1728681593.7260969, '_wandb': {'runtime': 2}, 'epoch': 41, 'mae_train': 0.14442754293069643, 'mae_val': 0.1423499238346732, 'mse_train': 0.04120998467471528, 'mse_val': 0.04408182160586694, 'r2_train': -0.1091905015023944, 'r2_val': 0.09948174319540848, 'rmse_train': 0.2030024252926927, 'rmse_val': 0.20995671364799684, 'train_loss': 0.020627706789107872, 'train_mse': 0.041255413578215744, 'train_r_squared': -0.11041324663695629, 'train_rmse': 0.2031142869869467, 'val_loss': 0.022027938460357412, 'val_mse': 0.044055876920714825, 'val_r_squared': 0.10001174993731277, 'val_rmse': 0.20989491875868463}","{'l_r': 0.001, 'optimizer': 'mini_batch_gradient_descent', 'no_of_epochs': 200, 'neurons_per_layer': [8], 'activation_function': 'sigmoid'}",l_r_0.001_act_sigmoid_opt_mini_batch_gradient_descent_hl_1_neurons_[8]_epochs_200
37,"{'_runtime': 1.408027, '_step': 136, '_timestamp': 1728681604.846613, '_wandb': {'runtime': 1}, 'epoch': 134, 'mae_train': 0.13994743429097534, 'mae_val': 0.1669182107262493, 'mse_train': 0.03411249695593947, 'mse_val': 0.06602864046985722, 'r2_train': 0.08184247325690575, 'r2_val': -0.3488552434770362, 'rmse_train': 0.18469568743189288, 'rmse_val': 0.2569603869662739, 'train_loss': 0.017079751446148147, 'train_mse': 0.034159502892296294, 'train_r_squared': 0.08057728137360953, 'train_rmse': 0.18482289601750185, 'val_loss': 0.033013968562684196, 'val_mse': 0.06602793712536839, 'val_r_squared': -0.34884087531959773, 'val_rmse': 0.2569590183771887}","{'l_r': 0.001, 'optimizer': 'batch_gradient_descent', 'no_of_epochs': 200, 'neurons_per_layer': [8], 'activation_function': 'sigmoid'}",l_r_0.001_act_sigmoid_opt_batch_gradient_descent_hl_1_neurons_[8]_epochs_200
38,"{'_runtime': 2.605989, '_step': 201, '_timestamp': 1728681622.574659, '_wandb': {'runtime': 2}, 'epoch': 199, 'mae_train': 0.12169040305163056, 'mae_val': 0.2276626846691872, 'mse_train': 0.02577879587861874, 'mse_val': 0.07197710740053574, 'r2_train': 0.3061488434312182, 'r2_val': -0.47037252375116734, 'rmse_train': 0.1605577649278251, 'rmse_val': 0.2682854960681545, 'train_loss': 0.01288939793930937, 'train_mse': 0.02577879587861874, 'train_r_squared': 0.3061488434312182, 'train_rmse': 0.1605577649278251, 'val_loss': 0.03598855370026787, 'val_mse': 0.07197710740053574, 'val_r_squared': -0.47037252375116734, 'val_rmse': 0.2682854960681545}","{'l_r': 0.001, 'optimizer': 'sgd', 'no_of_epochs': 200, 'neurons_per_layer': [8], 'activation_function': 'sigmoid'}",l_r_0.001_act_sigmoid_opt_sgd_hl_1_neurons_[8]_epochs_200
39,"{'_runtime': 1.365429, '_step': 23, '_timestamp': 1728681697.748022, '_wandb': {'runtime': 1}, 'epoch': 21, 'mae_train': 0.1788307962032094, 'mae_val': 0.2847985965305501, 'mse_train': 0.059587310763819006, 'mse_val': 0.11596517129329909, 'r2_train': -0.6038268305848637, 'r2_val': -1.3689754665036098, 'rmse_train': 0.24410512236292584, 'rmse_val': 0.34053659317803, 'train_loss': 0.03284692446825221, 'train_mse': 0.06569384893650441, 'train_r_squared': -0.7681878268741993, 'train_rmse': 0.25630811328653724, 'val_loss': 0.05460606117131058, 'val_mse': 0.10921212234262116, 'val_r_squared': -1.2310219145031365, 'val_rmse': 0.33047257426694454}","{'l_r': 0.001, 'optimizer': 'mini_batch_gradient_descent', 'no_of_epochs': 400, 'neurons_per_layer': [8], 'activation_function': 'sigmoid'}",l_r_0.001_act_sigmoid_opt_mini_batch_gradient_descent_hl_1_neurons_[8]_epochs_400
40,"{'_runtime': 1.461374, '_step': 330, '_timestamp': 1728681713.562512, '_wandb': {'runtime': 1}, 'epoch': 328, 'mae_train': 0.11650605283904228, 'mae_val': 0.1408889132439826, 'mse_train': 0.03022139492324492, 'mse_val': 0.03916905264862233, 'r2_train': 0.1865737282939783, 'r2_val': 0.19984143742530436, 'rmse_train': 0.17384301804572114, 'rmse_val': 0.19791172943669189, 'train_loss': 0.015360850668423258, 'train_mse': 0.030721701336846517, 'train_r_squared': 0.17310769266722636, 'train_rmse': 0.17527607177491888, 'val_loss': 0.01945864996983062, 'val_mse': 0.03891729993966124, 'val_r_squared': 0.2049843263160236, 'val_rmse': 0.19727468144610255}","{'l_r': 0.001, 'optimizer': 'batch_gradient_descent', 'no_of_epochs': 400, 'neurons_per_layer': [8], 'activation_function': 'sigmoid'}",l_r_0.001_act_sigmoid_opt_batch_gradient_descent_hl_1_neurons_[8]_epochs_400
41,"{'_runtime': 0.585223, '_step': 7, '_timestamp': 1728681724.963872, '_wandb': {'runtime': 0}, 'epoch': 5, 'mae_train': 0.12567683964970702, 'mae_val': 0.23476019856389613, 'mse_train': 0.027023444814715823, 'mse_val': 0.07383469142001739, 'r2_train': 0.2726483995819634, 'r2_val': -0.5083198739774801, 'rmse_train': 0.1643880920709156, 'rmse_val': 0.2717253970831902, 'train_loss': 0.013548039368982476, 'train_mse': 0.027096078737964952, 'train_r_squared': 0.2706934156529298, 'train_rmse': 0.16460886591543286, 'val_loss': 0.03677558179366883, 'val_mse': 0.07355116358733765, 'val_r_squared': -0.5025278721876458, 'val_rmse': 0.27120317768665186}","{'l_r': 0.001, 'optimizer': 'sgd', 'no_of_epochs': 400, 'neurons_per_layer': [8], 'activation_function': 'sigmoid'}",l_r_0.001_act_sigmoid_opt_sgd_hl_1_neurons_[8]_epochs_400
42,"{'_runtime': 0.809351, '_step': 21, '_timestamp': 1728681740.561454, '_wandb': {'runtime': 1}, 'epoch': 19, 'mae_train': 0.13437238031626028, 'mae_val': 0.1809377817453085, 'mse_train': 0.03555802542121376, 'mse_val': 0.0540819506961417, 'r2_train': 0.04293524104147306, 'r2_val': -0.10480425244041114, 'rmse_train': 0.18856835742301453, 'rmse_val': 0.23255526374636568, 'train_loss': 0.017917093978467368, 'train_mse': 0.035834187956934736, 'train_r_squared': 0.03550216714177645, 'train_rmse': 0.18929920220892305, 'val_loss': 0.02667184403744071, 'val_mse': 0.05334368807488142, 'val_r_squared': -0.08972277566512266, 'val_rmse': 0.23096252526087735}","{'l_r': 0.001, 'optimizer': 'mini_batch_gradient_descent', 'no_of_epochs': 200, 'neurons_per_layer': [16, 10], 'activation_function': 'sigmoid'}","l_r_0.001_act_sigmoid_opt_mini_batch_gradient_descent_hl_2_neurons_[16, 10]_epochs_200"
43,"{'_runtime': 1.351736, '_step': 109, '_timestamp': 1728681756.24353, '_wandb': {'runtime': 1}, 'epoch': 107, 'mae_train': 0.1532097724683485, 'mae_val': 0.1683301797301484, 'mse_train': 0.049158450676864245, 'mse_val': 0.05521555975987678, 'r2_train': -0.32312804748036417, 'r2_val': -0.12796199912111383, 'rmse_train': 0.2217170509384974, 'rmse_val': 0.23497991352427716, 'train_loss': 0.025161630009591297, 'train_mse': 0.05032326001918259, 'train_r_squared': -0.35447956262308833, 'train_rmse': 0.22432846457634972, 'val_loss': 0.027447855829713604, 'val_mse': 0.05489571165942721, 'val_r_squared': -0.12142803470298348, 'val_rmse': 0.23429833900270655}","{'l_r': 0.001, 'optimizer': 'batch_gradient_descent', 'no_of_epochs': 200, 'neurons_per_layer': [16, 10], 'activation_function': 'sigmoid'}","l_r_0.001_act_sigmoid_opt_batch_gradient_descent_hl_2_neurons_[16, 10]_epochs_200"
44,"{'_runtime': 4.905175, '_step': 201, '_timestamp': 1728681772.0452008, '_wandb': {'runtime': 4}, 'epoch': 199, 'mae_train': 0.1376744231642505, 'mae_val': 0.24261182350015192, 'mse_train': 0.03060231388433217, 'mse_val': 0.07965823259974009, 'r2_train': 0.17632107479713355, 'r2_val': -0.6272851290543182, 'rmse_train': 0.17493517051848714, 'rmse_val': 0.2822379007145215, 'train_loss': 0.015301156942166085, 'train_mse': 0.03060231388433217, 'train_r_squared': 0.17632107479713355, 'train_rmse': 0.17493517051848714, 'val_loss': 0.03982911629987004, 'val_mse': 0.07965823259974009, 'val_r_squared': -0.6272851290543182, 'val_rmse': 0.2822379007145215}","{'l_r': 0.001, 'optimizer': 'sgd', 'no_of_epochs': 200, 'neurons_per_layer': [16, 10], 'activation_function': 'sigmoid'}","l_r_0.001_act_sigmoid_opt_sgd_hl_2_neurons_[16, 10]_epochs_200"
45,"{'_runtime': 0.555888, '_step': 20, '_timestamp': 1728681788.043536, '_wandb': {'runtime': 1}, 'epoch': 18, 'mae_train': 0.1483811220691307, 'mae_val': 0.17001025323770716, 'mse_train': 0.04182719154214742, 'mse_val': 0.05187155775246963, 'r2_train': -0.1258029802553362, 'r2_val': -0.059649603018577135, 'rmse_train': 0.2045169712814744, 'rmse_val': 0.2277532826381864, 'train_loss': 0.021022726203952437, 'train_mse': 0.042045452407904874, 'train_r_squared': -0.1316775973186226, 'train_rmse': 0.20504987785391357, 'val_loss': 0.02574305392333996, 'val_mse': 0.05148610784667992, 'val_r_squared': -0.051775502888353975, 'val_rmse': 0.2269055042229693}","{'l_r': 0.001, 'optimizer': 'mini_batch_gradient_descent', 'no_of_epochs': 400, 'neurons_per_layer': [16, 10], 'activation_function': 'sigmoid'}","l_r_0.001_act_sigmoid_opt_mini_batch_gradient_descent_hl_2_neurons_[16, 10]_epochs_400"
46,"{'_runtime': 0.501764, '_step': 7, '_timestamp': 1728681794.395755, '_wandb': {'runtime': 0}, 'epoch': 5, 'mae_train': 0.1433488709307935, 'mae_val': 0.2223252179676538, 'mse_train': 0.03497890214358339, 'mse_val': 0.07586038888760487, 'r2_train': 0.05852267801377231, 'r2_val': -0.5497015021832112, 'rmse_train': 0.18702647444568743, 'rmse_val': 0.2754276472825574, 'train_loss': 0.017493174567016122, 'train_mse': 0.034986349134032244, 'train_r_squared': 0.058322237971490054, 'train_rmse': 0.1870463823067216, 'val_loss': 0.037921162317972434, 'val_mse': 0.07584232463594487, 'val_r_squared': -0.5493324795833563, 'val_rmse': 0.27539485223210847}","{'l_r': 0.001, 'optimizer': 'batch_gradient_descent', 'no_of_epochs': 400, 'neurons_per_layer': [16, 10], 'activation_function': 'sigmoid'}","l_r_0.001_act_sigmoid_opt_batch_gradient_descent_hl_2_neurons_[16, 10]_epochs_400"
47,"{'_runtime': 8.533801, '_step': 401, '_timestamp': 1728681817.964869, '_wandb': {'runtime': 8}, 'epoch': 399, 'mae_train': 0.10391608928638656, 'mae_val': 0.16597203100509064, 'mse_train': 0.019108081166590515, 'mse_val': 0.04317858714100062, 'r2_train': 0.48569497661271765, 'r2_val': 0.1179333201982743, 'rmse_train': 0.13823198315364832, 'rmse_val': 0.207794579190605, 'train_loss': 0.009554040583295256, 'train_mse': 0.019108081166590515, 'train_r_squared': 0.48569497661271765, 'train_rmse': 0.13823198315364832, 'val_loss': 0.02158929357050031, 'val_mse': 0.04317858714100062, 'val_r_squared': 0.1179333201982743, 'val_rmse': 0.207794579190605}","{'l_r': 0.001, 'optimizer': 'sgd', 'no_of_epochs': 400, 'neurons_per_layer': [16, 10], 'activation_function': 'sigmoid'}","l_r_0.001_act_sigmoid_opt_sgd_hl_2_neurons_[16, 10]_epochs_400"
48,"{'_runtime': 0.559495, '_step': 19, '_timestamp': 1728681826.629248, '_wandb': {'runtime': 0}, 'epoch': 17, 'mae_train': 0.14048791725181126, 'mae_val': 0.17625773558559496, 'mse_train': 0.03888648983877092, 'mse_val': 0.05508386011386358, 'r2_train': -0.04665229813585392, 'r2_val': -0.1252715945205516, 'rmse_train': 0.19719657664059717, 'rmse_val': 0.2346995102548439, 'train_loss': 0.01970953817550908, 'train_mse': 0.03941907635101816, 'train_r_squared': -0.06098717123216413, 'train_rmse': 0.19854237923178555, 'val_loss': 0.02704791580643338, 'val_mse': 0.05409583161286676, 'val_r_squared': -0.10508781646922705, 'val_rmse': 0.23258510617162648}","{'l_r': 0.001, 'optimizer': 'mini_batch_gradient_descent', 'no_of_epochs': 200, 'neurons_per_layer': [16, 10, 5], 'activation_function': 'sigmoid'}","l_r_0.001_act_sigmoid_opt_mini_batch_gradient_descent_hl_3_neurons_[16, 10, 5]_epochs_200"
49,"{'_runtime': 1.423992, '_step': 201, '_timestamp': 1728681841.727881, '_wandb': {'runtime': 1}, 'epoch': 199, 'mae_train': 1.0026468523795231, 'mae_val': 0.8749855529032184, 'mse_train': 1.0420899331859976, 'mse_val': 0.8137520478178276, 'r2_train': -27.048451479050662, 'r2_val': -15.623600134404317, 'rmse_train': 1.0208280624992625, 'rmse_val': 0.902082062684891, 'train_loss': 0.5210449665929988, 'train_mse': 1.0420899331859976, 'train_r_squared': -27.048451479050662, 'train_rmse': 1.0208280624992625, 'val_loss': 0.4068760239089138, 'val_mse': 0.8137520478178276, 'val_r_squared': -15.623600134404317, 'val_rmse': 0.902082062684891}","{'l_r': 0.001, 'optimizer': 'batch_gradient_descent', 'no_of_epochs': 200, 'neurons_per_layer': [16, 10, 5], 'activation_function': 'sigmoid'}","l_r_0.001_act_sigmoid_opt_batch_gradient_descent_hl_3_neurons_[16, 10, 5]_epochs_200"
50,"{'_runtime': 0.587573, '_step': 6, '_timestamp': 1728681848.087484, '_wandb': {'runtime': 0}, 'epoch': 4, 'mae_train': 0.15206495072492918, 'mae_val': 0.21657276347115637, 'mse_train': 0.0377747338932351, 'mse_val': 0.06834983556403633, 'r2_train': -0.01672874576108807, 'r2_val': -0.39627339644273274, 'rmse_train': 0.19435723267538849, 'rmse_val': 0.2614380147645639, 'train_loss': 0.01885499585355285, 'train_mse': 0.03770999170710569, 'train_r_squared': -0.014986172487448934, 'train_rmse': 0.1941906066397283, 'val_loss': 0.03351243537388645, 'val_mse': 0.0670248707477729, 'val_r_squared': -0.3692065701818559, 'val_rmse': 0.258891619693981}","{'l_r': 0.001, 'optimizer': 'sgd', 'no_of_epochs': 200, 'neurons_per_layer': [16, 10, 5], 'activation_function': 'sigmoid'}","l_r_0.001_act_sigmoid_opt_sgd_hl_3_neurons_[16, 10, 5]_epochs_200"
51,"{'_runtime': 2.597828, '_step': 401, '_timestamp': 1728681864.29511, '_wandb': {'runtime': 2}, 'epoch': 399, 'mae_train': 0.13938821062526197, 'mae_val': 0.190187258273688, 'mse_train': 0.03646758472010715, 'mse_val': 0.05921876363588899, 'r2_train': 0.01845392800898515, 'r2_val': -0.2097407923908572, 'rmse_train': 0.1909648782370914, 'rmse_val': 0.2433490571912885, 'train_loss': 0.018233792360053576, 'train_mse': 0.03646758472010715, 'train_r_squared': 0.01845392800898515, 'train_rmse': 0.1909648782370914, 'val_loss': 0.029609381817944497, 'val_mse': 0.05921876363588899, 'val_r_squared': -0.2097407923908572, 'val_rmse': 0.2433490571912885}","{'l_r': 0.001, 'optimizer': 'mini_batch_gradient_descent', 'no_of_epochs': 400, 'neurons_per_layer': [16, 10, 5], 'activation_function': 'sigmoid'}","l_r_0.001_act_sigmoid_opt_mini_batch_gradient_descent_hl_3_neurons_[16, 10, 5]_epochs_400"
52,"{'_runtime': 1.343869, '_step': 233, '_timestamp': 1728681875.170796, '_wandb': {'runtime': 1}, 'epoch': 231, 'mae_train': 0.1499364957036781, 'mae_val': 0.15328903490112816, 'mse_train': 0.049757851957176906, 'mse_val': 0.04813771701166298, 'r2_train': -0.3392612785882878, 'r2_val': 0.016626549658599332, 'rmse_train': 0.22306468110657257, 'rmse_val': 0.2194030925298524, 'train_loss': 0.02519614883063912, 'train_mse': 0.05039229766127824, 'train_r_squared': -0.356337750571059, 'train_rmse': 0.2244822880792118, 'val_loss': 0.02403422766578854, 'val_mse': 0.04806845533157708, 'val_r_squared': 0.018041450521181, 'val_rmse': 0.21924519454614524}","{'l_r': 0.001, 'optimizer': 'batch_gradient_descent', 'no_of_epochs': 400, 'neurons_per_layer': [16, 10, 5], 'activation_function': 'sigmoid'}","l_r_0.001_act_sigmoid_opt_batch_gradient_descent_hl_3_neurons_[16, 10, 5]_epochs_400"
53,"{'_runtime': 0.889571, '_step': 7, '_timestamp': 1728681885.971061, '_wandb': {'runtime': 0}, 'epoch': 5, 'mae_train': 0.14791407949948462, 'mae_val': 0.22946242539482176, 'mse_train': 0.03510928611472735, 'mse_val': 0.07283370143966603, 'r2_train': 0.05501331824374123, 'r2_val': -0.4878713144727409, 'rmse_train': 0.18737472111981207, 'rmse_val': 0.2698771969612587, 'train_loss': 0.017534113585717225, 'train_mse': 0.03506822717143445, 'train_r_squared': 0.05611844337935301, 'train_rmse': 0.18726512534755224, 'val_loss': 0.03612946112915748, 'val_mse': 0.07225892225831496, 'val_r_squared': -0.476129532314425, 'val_rmse': 0.2688101974596852}","{'l_r': 0.001, 'optimizer': 'sgd', 'no_of_epochs': 400, 'neurons_per_layer': [16, 10, 5], 'activation_function': 'sigmoid'}","l_r_0.001_act_sigmoid_opt_sgd_hl_3_neurons_[16, 10, 5]_epochs_400"
54,"{'_runtime': 1.42088, '_step': 98, '_timestamp': 1728681901.086365, '_wandb': {'runtime': 1}, 'epoch': 96, 'mae_train': 0.22052597304552415, 'mae_val': 0.20891602145319313, 'mse_train': 0.10827802461114966, 'mse_val': 0.08009843512416222, 'r2_train': -1.9143654715751104, 'r2_val': -0.6362777340668311, 'rmse_train': 0.32905626359507223, 'rmse_val': 0.2830166693397444, 'train_loss': 0.05526145854463337, 'train_mse': 0.11052291708926676, 'train_r_squared': -1.9747880471542132, 'train_rmse': 0.33244987154346556, 'val_loss': 0.03992031090441201, 'val_mse': 0.07984062180882402, 'val_r_squared': -0.6310110370735638, 'val_rmse': 0.2825608285110022}","{'l_r': 0.0001, 'optimizer': 'mini_batch_gradient_descent', 'no_of_epochs': 200, 'neurons_per_layer': [8], 'activation_function': 'sigmoid'}",l_r_0.0001_act_sigmoid_opt_mini_batch_gradient_descent_hl_1_neurons_[8]_epochs_200
55,"{'_runtime': 1.324441, '_step': 201, '_timestamp': 1728681907.935476, '_wandb': {'runtime': 1}, 'epoch': 199, 'mae_train': 0.5563188131279106, 'mae_val': 0.5955591568947455, 'mse_train': 0.34778284705006407, 'mse_val': 0.4444956944361442, 'r2_train': -8.360775879396908, 'r2_val': -8.080307331435444, 'rmse_train': 0.589731165065968, 'rmse_val': 0.6667051030524247, 'train_loss': 0.17389142352503204, 'train_mse': 0.34778284705006407, 'train_r_squared': -8.360775879396908, 'train_rmse': 0.589731165065968, 'val_loss': 0.2222478472180721, 'val_mse': 0.4444956944361442, 'val_r_squared': -8.080307331435444, 'val_rmse': 0.6667051030524247}","{'l_r': 0.0001, 'optimizer': 'batch_gradient_descent', 'no_of_epochs': 200, 'neurons_per_layer': [8], 'activation_function': 'sigmoid'}",l_r_0.0001_act_sigmoid_opt_batch_gradient_descent_hl_1_neurons_[8]_epochs_200
56,"{'_runtime': 1.377638, '_step': 29, '_timestamp': 1728681918.956473, '_wandb': {'runtime': 1}, 'epoch': 27, 'mae_train': 0.14350033374486088, 'mae_val': 0.1509590364317894, 'mse_train': 0.038448215468058614, 'mse_val': 0.04597105140890775, 'r2_train': -0.03485589071461326, 'r2_val': 0.0608879222741977, 'rmse_train': 0.19608216509427528, 'rmse_val': 0.2144086085233234, 'train_loss': 0.019344996211637464, 'train_mse': 0.03868999242327493, 'train_r_squared': -0.04136345688637766, 'train_rmse': 0.19669771839875247, 'val_loss': 0.02291971336347793, 'val_mse': 0.04583942672695585, 'val_r_squared': 0.06357679548373862, 'val_rmse': 0.21410144027296}","{'l_r': 0.0001, 'optimizer': 'sgd', 'no_of_epochs': 200, 'neurons_per_layer': [8], 'activation_function': 'sigmoid'}",l_r_0.0001_act_sigmoid_opt_sgd_hl_1_neurons_[8]_epochs_200
57,"{'_runtime': 1.423382, '_step': 267, '_timestamp': 1728681934.3244631, '_wandb': {'runtime': 1}, 'epoch': 265, 'mae_train': 0.119654794978799, 'mae_val': 0.12241385568012514, 'mse_train': 0.030425120508396904, 'mse_val': 0.03209654759860164, 'r2_train': 0.18109033669004385, 'r2_val': 0.3443209459136437, 'rmse_train': 0.17442798086430086, 'rmse_val': 0.1791550936998489, 'train_loss': 0.01530190405129247, 'train_mse': 0.03060380810258494, 'train_r_squared': 0.17628085705121044, 'train_rmse': 0.17493944124349128, 'val_loss': 0.016025218641972802, 'val_mse': 0.032050437283945604, 'val_r_squared': 0.34526290290775363, 'val_rmse': 0.17902635918753865}","{'l_r': 0.0001, 'optimizer': 'mini_batch_gradient_descent', 'no_of_epochs': 400, 'neurons_per_layer': [8], 'activation_function': 'sigmoid'}",l_r_0.0001_act_sigmoid_opt_mini_batch_gradient_descent_hl_1_neurons_[8]_epochs_400
58,"{'_runtime': 1.68331, '_step': 401, '_timestamp': 1728681950.262006, '_wandb': {'runtime': 1}, 'epoch': 399, 'mae_train': 0.6097673823796581, 'mae_val': 0.5104055467515584, 'mse_train': 0.41297721408164745, 'mse_val': 0.3061906789756609, 'r2_train': -10.115519862770949, 'r2_val': -5.254966025366767, 'rmse_train': 0.6426330322055095, 'rmse_val': 0.5533449909194632, 'train_loss': 0.20648860704082372, 'train_mse': 0.41297721408164745, 'train_r_squared': -10.115519862770949, 'train_rmse': 0.6426330322055095, 'val_loss': 0.15309533948783044, 'val_mse': 0.3061906789756609, 'val_r_squared': -5.254966025366767, 'val_rmse': 0.5533449909194632}","{'l_r': 0.0001, 'optimizer': 'batch_gradient_descent', 'no_of_epochs': 400, 'neurons_per_layer': [8], 'activation_function': 'sigmoid'}",l_r_0.0001_act_sigmoid_opt_batch_gradient_descent_hl_1_neurons_[8]_epochs_400
59,"{'_runtime': 1.422287, '_step': 31, '_timestamp': 1728681966.364326, '_wandb': {'runtime': 1}, 'epoch': 29, 'mae_train': 0.143440666955795, 'mae_val': 0.1600739564523604, 'mse_train': 0.04311028747559306, 'mse_val': 0.05386714464966702, 'r2_train': -0.16033824720891676, 'r2_val': -0.10041612237963515, 'rmse_train': 0.2076301699551225, 'rmse_val': 0.2320929655324931, 'train_loss': 0.021695619834205645, 'train_mse': 0.04339123966841129, 'train_r_squared': -0.16790023749137006, 'train_rmse': 0.20830564003024807, 'val_loss': 0.026856229161751864, 'val_mse': 0.05371245832350373, 'val_r_squared': -0.09725613815680688, 'val_rmse': 0.2317594837833044}","{'l_r': 0.0001, 'optimizer': 'sgd', 'no_of_epochs': 400, 'neurons_per_layer': [8], 'activation_function': 'sigmoid'}",l_r_0.0001_act_sigmoid_opt_sgd_hl_1_neurons_[8]_epochs_400
60,"{'_runtime': 1.459232, '_step': 201, '_timestamp': 1728681978.149964, '_wandb': {'runtime': 1}, 'epoch': 199, 'mae_train': 0.14863871832268666, 'mae_val': 0.19824265404604705, 'mse_train': 0.041996136843371695, 'mse_val': 0.05837611251158435, 'r2_train': -0.130350240461099, 'r2_val': -0.19252683221612063, 'rmse_train': 0.20492958996536273, 'rmse_val': 0.24161149085170672, 'train_loss': 0.020998068421685848, 'train_mse': 0.041996136843371695, 'train_r_squared': -0.130350240461099, 'train_rmse': 0.20492958996536273, 'val_loss': 0.029188056255792176, 'val_mse': 0.05837611251158435, 'val_r_squared': -0.19252683221612063, 'val_rmse': 0.24161149085170672}","{'l_r': 0.0001, 'optimizer': 'mini_batch_gradient_descent', 'no_of_epochs': 200, 'neurons_per_layer': [16, 10], 'activation_function': 'sigmoid'}","l_r_0.0001_act_sigmoid_opt_mini_batch_gradient_descent_hl_2_neurons_[16, 10]_epochs_200"
61,"{'_runtime': 1.507957, '_step': 201, '_timestamp': 1728681988.651455, '_wandb': {'runtime': 1}, 'epoch': 199, 'mae_train': 0.21355088802096328, 'mae_val': 0.31720752288366527, 'mse_train': 0.05765637839565635, 'mse_val': 0.11881000121052336, 'r2_train': -0.5518546724121469, 'r2_val': -1.4270906074991307, 'rmse_train': 0.2401174262640185, 'rmse_val': 0.3446882667143217, 'train_loss': 0.028828189197828175, 'train_mse': 0.05765637839565635, 'train_r_squared': -0.5518546724121469, 'train_rmse': 0.2401174262640185, 'val_loss': 0.05940500060526168, 'val_mse': 0.11881000121052336, 'val_r_squared': -1.4270906074991307, 'val_rmse': 0.3446882667143217}","{'l_r': 0.0001, 'optimizer': 'batch_gradient_descent', 'no_of_epochs': 200, 'neurons_per_layer': [16, 10], 'activation_function': 'sigmoid'}","l_r_0.0001_act_sigmoid_opt_batch_gradient_descent_hl_2_neurons_[16, 10]_epochs_200"
62,"{'_runtime': 0.757073, '_step': 16, '_timestamp': 1728681999.594877, '_wandb': {'runtime': 0}, 'epoch': 14, 'mae_train': 0.15006728217225243, 'mae_val': 0.17055049396580607, 'mse_train': 0.048715137986700734, 'mse_val': 0.05458422604680757, 'r2_train': -0.31119603078571756, 'r2_val': -0.1150649019948149, 'rmse_train': 0.22071506062500748, 'rmse_val': 0.233632673328898, 'train_loss': 0.025124315937844303, 'train_mse': 0.05024863187568861, 'train_r_squared': -0.35247090310618545, 'train_rmse': 0.2241620660943519, 'val_loss': 0.02671986757309349, 'val_mse': 0.05343973514618698, 'val_r_squared': -0.09168485749551024, 'val_rmse': 0.23117035957532917}","{'l_r': 0.0001, 'optimizer': 'sgd', 'no_of_epochs': 200, 'neurons_per_layer': [16, 10], 'activation_function': 'sigmoid'}","l_r_0.0001_act_sigmoid_opt_sgd_hl_2_neurons_[16, 10]_epochs_200"
63,"{'_runtime': 2.147303, '_step': 217, '_timestamp': 1728682016.0176058, '_wandb': {'runtime': 2}, 'epoch': 215, 'mae_train': 0.15629661540624695, 'mae_val': 0.15564253319808044, 'mse_train': 0.0536969141416449, 'mse_val': 0.0477208144901685, 'r2_train': -0.44528340876684913, 'r2_val': 0.025143174385915068, 'rmse_train': 0.23172594619861825, 'rmse_val': 0.21845094298301507, 'train_loss': 0.027292188406812204, 'train_mse': 0.05458437681362441, 'train_r_squared': -0.4691699783437984, 'train_rmse': 0.23363299598649248, 'val_loss': 0.02378517940040348, 'val_mse': 0.04757035880080696, 'val_r_squared': 0.028216733739282684, 'val_rmse': 0.21810630160728267}","{'l_r': 0.0001, 'optimizer': 'mini_batch_gradient_descent', 'no_of_epochs': 400, 'neurons_per_layer': [16, 10], 'activation_function': 'sigmoid'}","l_r_0.0001_act_sigmoid_opt_mini_batch_gradient_descent_hl_2_neurons_[16, 10]_epochs_400"
64,"{'_runtime': 1.489357, '_step': 401, '_timestamp': 1728682026.688428, '_wandb': {'runtime': 1}, 'epoch': 399, 'mae_train': 0.6601228710114163, 'mae_val': 0.5370911644884118, 'mse_train': 0.4741224447609552, 'mse_val': 0.34302301165473925, 'r2_train': -11.761279006264964, 'r2_val': -6.007389287607728, 'rmse_train': 0.6885654978002856, 'rmse_val': 0.5856816640929945, 'train_loss': 0.2370612223804776, 'train_mse': 0.4741224447609552, 'train_r_squared': -11.761279006264964, 'train_rmse': 0.6885654978002856, 'val_loss': 0.17151150582736965, 'val_mse': 0.34302301165473925, 'val_r_squared': -6.007389287607728, 'val_rmse': 0.5856816640929945}","{'l_r': 0.0001, 'optimizer': 'batch_gradient_descent', 'no_of_epochs': 400, 'neurons_per_layer': [16, 10], 'activation_function': 'sigmoid'}","l_r_0.0001_act_sigmoid_opt_batch_gradient_descent_hl_2_neurons_[16, 10]_epochs_400"
65,"{'_runtime': 7.371784, '_step': 401, '_timestamp': 1728682044.00802, '_wandb': {'runtime': 7}, 'epoch': 399, 'mae_train': 0.13907821785695892, 'mae_val': 0.19002315430622996, 'mse_train': 0.0332030954501374, 'mse_val': 0.05881389207546451, 'r2_train': 0.10631953919734828, 'r2_val': -0.20146994017692155, 'rmse_train': 0.1822171656297436, 'rmse_val': 0.24251575634474665, 'train_loss': 0.0166015477250687, 'train_mse': 0.0332030954501374, 'train_r_squared': 0.10631953919734828, 'train_rmse': 0.1822171656297436, 'val_loss': 0.029406946037732255, 'val_mse': 0.05881389207546451, 'val_r_squared': -0.20146994017692155, 'val_rmse': 0.24251575634474665}","{'l_r': 0.0001, 'optimizer': 'sgd', 'no_of_epochs': 400, 'neurons_per_layer': [16, 10], 'activation_function': 'sigmoid'}","l_r_0.0001_act_sigmoid_opt_sgd_hl_2_neurons_[16, 10]_epochs_400"
66,"{'_runtime': 1.338543, '_step': 201, '_timestamp': 1728682053.463135, '_wandb': {'runtime': 1}, 'epoch': 199, 'mae_train': 0.15120451824918657, 'mae_val': 0.21060079605786455, 'mse_train': 0.038009078254702094, 'mse_val': 0.06584439393691609, 'r2_train': -0.02303625938604026, 'r2_val': -0.34509139342224704, 'rmse_train': 0.19495917073762417, 'rmse_val': 0.25660162496936, 'train_loss': 0.019004539127351047, 'train_mse': 0.038009078254702094, 'train_r_squared': -0.02303625938604026, 'train_rmse': 0.19495917073762417, 'val_loss': 0.032922196968458044, 'val_mse': 0.06584439393691609, 'val_r_squared': -0.34509139342224704, 'val_rmse': 0.25660162496936}","{'l_r': 0.0001, 'optimizer': 'mini_batch_gradient_descent', 'no_of_epochs': 200, 'neurons_per_layer': [16, 10, 5], 'activation_function': 'sigmoid'}","l_r_0.0001_act_sigmoid_opt_mini_batch_gradient_descent_hl_3_neurons_[16, 10, 5]_epochs_200"
67,"{'_runtime': 1.723378, '_step': 201, '_timestamp': 1728682069.169455, '_wandb': {'runtime': 1}, 'epoch': 199, 'mae_train': 0.7644804970367215, 'mae_val': 0.6151027480345497, 'mse_train': 0.6216569931445695, 'mse_val': 0.42975250034016527, 'r2_train': -15.73225645268356, 'r2_val': -7.779128410887484, 'rmse_train': 0.7884522770241515, 'rmse_val': 0.655555108545548, 'train_loss': 0.31082849657228473, 'train_mse': 0.6216569931445695, 'train_r_squared': -15.73225645268356, 'train_rmse': 0.7884522770241515, 'val_loss': 0.21487625017008263, 'val_mse': 0.42975250034016527, 'val_r_squared': -7.779128410887484, 'val_rmse': 0.655555108545548}","{'l_r': 0.0001, 'optimizer': 'batch_gradient_descent', 'no_of_epochs': 200, 'neurons_per_layer': [16, 10, 5], 'activation_function': 'sigmoid'}","l_r_0.0001_act_sigmoid_opt_batch_gradient_descent_hl_3_neurons_[16, 10, 5]_epochs_200"
68,"{'_runtime': 1.375956, '_step': 40, '_timestamp': 1728682085.800747, '_wandb': {'runtime': 1}, 'epoch': 38, 'mae_train': 0.14220277346817348, 'mae_val': 0.16106929394003408, 'mse_train': 0.04411983847591948, 'mse_val': 0.05013910557160775, 'r2_train': -0.1875108945462831, 'r2_val': -0.024258488017571574, 'rmse_train': 0.21004722915553892, 'rmse_val': 0.22391763122096425, 'train_loss': 0.022655522848982017, 'train_mse': 0.04531104569796403, 'train_r_squared': -0.2195729238443318, 'train_rmse': 0.2128639135644274, 'val_loss': 0.02480134968822469, 'val_mse': 0.04960269937644938, 'val_r_squared': -0.013300602108906824, 'val_rmse': 0.2227166347097795}","{'l_r': 0.0001, 'optimizer': 'sgd', 'no_of_epochs': 200, 'neurons_per_layer': [16, 10, 5], 'activation_function': 'sigmoid'}","l_r_0.0001_act_sigmoid_opt_sgd_hl_3_neurons_[16, 10, 5]_epochs_200"
69,"{'_runtime': 1.450139, '_step': 339, '_timestamp': 1728682101.024409, '_wandb': {'runtime': 1}, 'epoch': 337, 'mae_train': 0.15554923154548933, 'mae_val': 0.15581596472692663, 'mse_train': 0.05206713879665415, 'mse_val': 0.04933006899160212, 'r2_train': -0.4014170655367903, 'r2_val': -0.007731217043341676, 'rmse_train': 0.2281822490831707, 'rmse_val': 0.22210373475383552, 'train_loss': 0.026318551743899275, 'train_mse': 0.05263710348779855, 'train_r_squared': -0.41675799387246615, 'train_rmse': 0.22942777401134012, 'val_loss': 0.024640853041135, 'val_mse': 0.04928170608227, 'val_r_squared': -0.0067432432886465055, 'val_rmse': 0.2219948334585064}","{'l_r': 0.0001, 'optimizer': 'mini_batch_gradient_descent', 'no_of_epochs': 400, 'neurons_per_layer': [16, 10, 5], 'activation_function': 'sigmoid'}","l_r_0.0001_act_sigmoid_opt_mini_batch_gradient_descent_hl_3_neurons_[16, 10, 5]_epochs_400"
70,"{'_runtime': 1.399842, '_step': 401, '_timestamp': 1728682112.847976, '_wandb': {'runtime': 1}, 'epoch': 399, 'mae_train': 0.5522711531796062, 'mae_val': 0.688131851729778, 'mse_train': 0.34086038772536337, 'mse_val': 0.5197030170752878, 'r2_train': -8.174453894795302, 'r2_val': -9.616667776960416, 'rmse_train': 0.5838324997166253, 'rmse_val': 0.7209043050747358, 'train_loss': 0.17043019386268168, 'train_mse': 0.34086038772536337, 'train_r_squared': -8.174453894795302, 'train_rmse': 0.5838324997166253, 'val_loss': 0.2598515085376439, 'val_mse': 0.5197030170752878, 'val_r_squared': -9.616667776960416, 'val_rmse': 0.7209043050747358}","{'l_r': 0.0001, 'optimizer': 'batch_gradient_descent', 'no_of_epochs': 400, 'neurons_per_layer': [16, 10, 5], 'activation_function': 'sigmoid'}","l_r_0.0001_act_sigmoid_opt_batch_gradient_descent_hl_3_neurons_[16, 10, 5]_epochs_400"
71,"{'_runtime': 10.183878, '_step': 401, '_timestamp': 1728682133.156769, '_wandb': {'runtime': 10}, 'epoch': 399, 'mae_train': 0.14796825895119775, 'mae_val': 0.2088248306268935, 'mse_train': 0.036926614752285154, 'mse_val': 0.06534050584077968, 'r2_train': 0.006098869990519784, 'r2_val': -0.33479779816172495, 'rmse_train': 0.19216299006906912, 'rmse_val': 0.25561789029874193, 'train_loss': 0.018463307376142577, 'train_mse': 0.036926614752285154, 'train_r_squared': 0.006098869990519784, 'train_rmse': 0.19216299006906912, 'val_loss': 0.03267025292038984, 'val_mse': 0.06534050584077968, 'val_r_squared': -0.33479779816172495, 'val_rmse': 0.25561789029874193}","{'l_r': 0.0001, 'optimizer': 'sgd', 'no_of_epochs': 400, 'neurons_per_layer': [16, 10, 5], 'activation_function': 'sigmoid'}","l_r_0.0001_act_sigmoid_opt_sgd_hl_3_neurons_[16, 10, 5]_epochs_400"
72,"{'_runtime': 0.513964, '_step': 8, '_timestamp': 1728682139.380079, '_wandb': {'runtime': 0}, 'epoch': 6, 'mae_train': 0.2509788158427771, 'mae_val': 0.4056342101260891, 'mse_train': 0.11509836632751291, 'mse_val': 0.22647176143791264, 'r2_train': -2.097938901861588, 'r2_val': -3.6264412040175618, 'rmse_train': 0.33926150139311845, 'rmse_val': 0.47589049311570897, 'train_loss': 0.06319761165826211, 'train_mse': 0.12639522331652422, 'train_r_squared': -2.4020003221205086, 'train_rmse': 0.35552105889317476, 'val_loss': 0.1102953059101874, 'val_mse': 0.2205906118203748, 'val_r_squared': -3.5062991044250325, 'val_rmse': 0.4696707483124479}","{'l_r': 0.001, 'optimizer': 'mini_batch_gradient_descent', 'no_of_epochs': 200, 'neurons_per_layer': [8], 'activation_function': 'tanh'}",l_r_0.001_act_tanh_opt_mini_batch_gradient_descent_hl_1_neurons_[8]_epochs_200
73,"{'_runtime': 1.425933, '_step': 201, '_timestamp': 1728682155.021484, '_wandb': {'runtime': 1}, 'epoch': 199, 'mae_train': 0.2573146851876043, 'mae_val': 0.4795307241315222, 'mse_train': 0.10930067134101622, 'mse_val': 0.3256579172628434, 'r2_train': -1.9418905980247791, 'r2_val': -5.652649307240037, 'rmse_train': 0.33060652041515487, 'rmse_val': 0.570664452426155, 'train_loss': 0.05465033567050811, 'train_mse': 0.10930067134101622, 'train_r_squared': -1.9418905980247791, 'train_rmse': 0.33060652041515487, 'val_loss': 0.1628289586314217, 'val_mse': 0.3256579172628434, 'val_r_squared': -5.652649307240037, 'val_rmse': 0.570664452426155}","{'l_r': 0.001, 'optimizer': 'batch_gradient_descent', 'no_of_epochs': 200, 'neurons_per_layer': [8], 'activation_function': 'tanh'}",l_r_0.001_act_tanh_opt_batch_gradient_descent_hl_1_neurons_[8]_epochs_200
74,"{'_runtime': 1.327566, '_step': 22, '_timestamp': 1728682161.139055, '_wandb': {'runtime': 1}, 'epoch': 20, 'mae_train': 0.13511972401870478, 'mae_val': 0.1636031417902633, 'mse_train': 0.03209708339975719, 'mse_val': 0.07293615116015177, 'r2_train': 0.1360884913217496, 'r2_val': -0.4899641917709346, 'rmse_train': 0.179156589049237, 'rmse_val': 0.27006693829521555, 'train_loss': 0.016484174257641763, 'train_mse': 0.032968348515283526, 'train_r_squared': 0.11263788831715472, 'train_rmse': 0.1815718825018993, 'val_loss': 0.03642693409088115, 'val_mse': 0.0728538681817623, 'val_r_squared': -0.48828328745335736, 'val_rmse': 0.26991455718757057}","{'l_r': 0.001, 'optimizer': 'sgd', 'no_of_epochs': 200, 'neurons_per_layer': [8], 'activation_function': 'tanh'}",l_r_0.001_act_tanh_opt_sgd_hl_1_neurons_[8]_epochs_200
75,"{'_runtime': 0.545204, '_step': 13, '_timestamp': 1728682171.762508, '_wandb': {'runtime': 0}, 'epoch': 11, 'mae_train': 0.15290437672329765, 'mae_val': 0.21570271282973855, 'mse_train': 0.04236749718954202, 'mse_val': 0.0952322319868296, 'r2_train': -0.14034561832542258, 'r2_val': -0.9454360191180596, 'rmse_train': 0.2058336638879608, 'rmse_val': 0.3085972002251958, 'train_loss': 0.0213435066342338, 'train_mse': 0.0426870132684676, 'train_r_squared': -0.1489455778405493, 'train_rmse': 0.20660835720867535, 'val_loss': 0.04734654797895105, 'val_mse': 0.0946930959579021, 'val_r_squared': -0.9344223672483344, 'val_rmse': 0.30772243330297205}","{'l_r': 0.001, 'optimizer': 'mini_batch_gradient_descent', 'no_of_epochs': 400, 'neurons_per_layer': [8], 'activation_function': 'tanh'}",l_r_0.001_act_tanh_opt_mini_batch_gradient_descent_hl_1_neurons_[8]_epochs_400
76,"{'_runtime': 1.546329, '_step': 300, '_timestamp': 1728682182.463102, '_wandb': {'runtime': 1}, 'epoch': 298, 'mae_train': 0.1597490971473749, 'mae_val': 0.2235295346162588, 'mse_train': 0.044910987228004455, 'mse_val': 0.07782090591115187, 'r2_train': -0.20880511942927704, 'r2_val': -0.5897516023869949, 'rmse_train': 0.21192212538572855, 'rmse_val': 0.2789639867637969, 'train_loss': 0.02263893962125516, 'train_mse': 0.04527787924251032, 'train_r_squared': -0.21868022957016175, 'train_rmse': 0.21278599399986436, 'val_loss': 0.03890261685847958, 'val_mse': 0.07780523371695916, 'val_r_squared': -0.5894314455404628, 'val_rmse': 0.27893589535403857}","{'l_r': 0.001, 'optimizer': 'batch_gradient_descent', 'no_of_epochs': 400, 'neurons_per_layer': [8], 'activation_function': 'tanh'}",l_r_0.001_act_tanh_opt_batch_gradient_descent_hl_1_neurons_[8]_epochs_400
77,"{'_runtime': 3.486063, '_step': 401, '_timestamp': 1728682196.0542662, '_wandb': {'runtime': 3}, 'epoch': 399, 'mae_train': 0.05890114599587018, 'mae_val': 0.2670600227933621, 'mse_train': 0.005958228093668294, 'mse_val': 0.12827725528079656, 'r2_train': 0.8396308550112983, 'r2_val': -1.6204908532583473, 'rmse_train': 0.07718955948616557, 'rmse_val': 0.35815814283748537, 'train_loss': 0.002979114046834147, 'train_mse': 0.005958228093668294, 'train_r_squared': 0.8396308550112983, 'train_rmse': 0.07718955948616557, 'val_loss': 0.06413862764039828, 'val_mse': 0.12827725528079656, 'val_r_squared': -1.6204908532583473, 'val_rmse': 0.35815814283748537}","{'l_r': 0.001, 'optimizer': 'sgd', 'no_of_epochs': 400, 'neurons_per_layer': [8], 'activation_function': 'tanh'}",l_r_0.001_act_tanh_opt_sgd_hl_1_neurons_[8]_epochs_400
78,"{'_runtime': 0.779807, '_step': 15, '_timestamp': 1728682204.05521, '_wandb': {'runtime': 0}, 'epoch': 13, 'mae_train': 0.18020087500121873, 'mae_val': 0.32372762256946075, 'mse_train': 0.051600782783803464, 'mse_val': 0.18792983772742583, 'r2_train': -0.3888648245239492, 'r2_val': -2.8390938420146306, 'rmse_train': 0.22715805683224943, 'rmse_val': 0.4335087516157267, 'train_loss': 0.026330702539319687, 'train_mse': 0.052661405078639374, 'train_r_squared': -0.4174120852036036, 'train_rmse': 0.22948072920975168, 'val_loss': 0.09176782445843852, 'val_mse': 0.18353564891687707, 'val_r_squared': -2.7493278771884637, 'val_rmse': 0.428410607848215}","{'l_r': 0.001, 'optimizer': 'mini_batch_gradient_descent', 'no_of_epochs': 200, 'neurons_per_layer': [16, 10], 'activation_function': 'tanh'}","l_r_0.001_act_tanh_opt_mini_batch_gradient_descent_hl_2_neurons_[16, 10]_epochs_200"
79,"{'_runtime': 1.343465, '_step': 93, '_timestamp': 1728682214.617682, '_wandb': {'runtime': 1}, 'epoch': 91, 'mae_train': 0.46974960426093526, 'mae_val': 0.5348156280205043, 'mse_train': 0.33383283838493727, 'mse_val': 0.3452718629654752, 'r2_train': -7.985303351819667, 'r2_val': -6.0533295774683245, 'rmse_train': 0.5777826913164994, 'rmse_val': 0.5875983857750762, 'train_loss': 0.16950684730431545, 'train_mse': 0.3390136946086309, 'train_r_squared': -8.124749084651892, 'train_rmse': 0.5822488253389876, 'val_loss': 0.1724032763936746, 'val_mse': 0.3448065527873492, 'val_r_squared': -6.043824064873452, 'val_rmse': 0.5872023099301885}","{'l_r': 0.001, 'optimizer': 'batch_gradient_descent', 'no_of_epochs': 200, 'neurons_per_layer': [16, 10], 'activation_function': 'tanh'}","l_r_0.001_act_tanh_opt_batch_gradient_descent_hl_2_neurons_[16, 10]_epochs_200"
80,"{'_runtime': 3.021514, '_step': 201, '_timestamp': 1728682232.791573, '_wandb': {'runtime': 3}, 'epoch': 199, 'mae_train': 0.06482417508204667, 'mae_val': 0.14258015126795545, 'mse_train': 0.00853091945279407, 'mse_val': 0.03499954053336363, 'r2_train': 0.7703853835226752, 'r2_val': 0.2850176312616016, 'rmse_train': 0.09236297663454804, 'rmse_val': 0.1870816413584284, 'train_loss': 0.004265459726397035, 'train_mse': 0.00853091945279407, 'train_r_squared': 0.7703853835226752, 'train_rmse': 0.09236297663454804, 'val_loss': 0.017499770266681813, 'val_mse': 0.03499954053336363, 'val_r_squared': 0.2850176312616016, 'val_rmse': 0.1870816413584284}","{'l_r': 0.001, 'optimizer': 'sgd', 'no_of_epochs': 200, 'neurons_per_layer': [16, 10], 'activation_function': 'tanh'}","l_r_0.001_act_tanh_opt_sgd_hl_2_neurons_[16, 10]_epochs_200"
81,"{'_runtime': 0.498809, '_step': 17, '_timestamp': 1728682242.341384, '_wandb': {'runtime': 0}, 'epoch': 15, 'mae_train': 0.20143608163912652, 'mae_val': 0.2657732837503275, 'mse_train': 0.0686126097598041, 'mse_val': 0.10235306719539844, 'r2_train': -0.8467479575540751, 'r2_val': -1.0909028323170795, 'rmse_train': 0.2619400881113926, 'rmse_val': 0.3199266590882955, 'train_loss': 0.03635622437189398, 'train_mse': 0.07271244874378796, 'train_r_squared': -0.957097488004502, 'train_rmse': 0.26965245918364616, 'val_loss': 0.04892694915444069, 'val_mse': 0.09785389830888136, 'val_r_squared': -0.9989922992410925, 'val_rmse': 0.3128160774462869}","{'l_r': 0.001, 'optimizer': 'mini_batch_gradient_descent', 'no_of_epochs': 400, 'neurons_per_layer': [16, 10], 'activation_function': 'tanh'}","l_r_0.001_act_tanh_opt_mini_batch_gradient_descent_hl_2_neurons_[16, 10]_epochs_400"
82,"{'_runtime': 3.029141, '_step': 401, '_timestamp': 1728682253.2781498, '_wandb': {'runtime': 3}, 'epoch': 399, 'mae_train': 0.14712937022650296, 'mae_val': 0.17665584462009626, 'mse_train': 0.04029118368757902, 'mse_val': 0.06192378828545166, 'r2_train': -0.08446044310157519, 'r2_val': -0.2649999444244797, 'rmse_train': 0.2007266392076025, 'rmse_val': 0.2488449080962913, 'train_loss': 0.02014559184378951, 'train_mse': 0.04029118368757902, 'train_r_squared': -0.08446044310157519, 'train_rmse': 0.2007266392076025, 'val_loss': 0.03096189414272583, 'val_mse': 0.06192378828545166, 'val_r_squared': -0.2649999444244797, 'val_rmse': 0.2488449080962913}","{'l_r': 0.001, 'optimizer': 'batch_gradient_descent', 'no_of_epochs': 400, 'neurons_per_layer': [16, 10], 'activation_function': 'tanh'}","l_r_0.001_act_tanh_opt_batch_gradient_descent_hl_2_neurons_[16, 10]_epochs_400"
83,"{'_runtime': 1.789978, '_step': 40, '_timestamp': 1728682266.17424, '_wandb': {'runtime': 1}, 'epoch': 38, 'mae_train': 0.0754788573125184, 'mae_val': 0.12641596921417522, 'mse_train': 0.011065900399396218, 'mse_val': 0.032696018468438524, 'r2_train': 0.7021549095330588, 'r2_val': 0.33207475365014605, 'rmse_train': 0.10519458350787944, 'rmse_val': 0.18082040390519685, 'train_loss': 0.005610659095770446, 'train_mse': 0.011221318191540892, 'train_r_squared': 0.6979717500348919, 'train_rmse': 0.1059307235486518, 'val_loss': 0.016321762000257208, 'val_mse': 0.032643524000514415, 'val_r_squared': 0.3331471282713575, 'val_rmse': 0.1806751892223014}","{'l_r': 0.001, 'optimizer': 'sgd', 'no_of_epochs': 400, 'neurons_per_layer': [16, 10], 'activation_function': 'tanh'}","l_r_0.001_act_tanh_opt_sgd_hl_2_neurons_[16, 10]_epochs_400"
84,"{'_runtime': 0.516451, '_step': 10, '_timestamp': 1728682274.940255, '_wandb': {'runtime': 0}, 'epoch': 8, 'mae_train': 0.2074905172382537, 'mae_val': 0.20351579583628351, 'mse_train': 0.07262385430875634, 'mse_val': 0.08419128127183646, 'r2_train': -0.954712917697119, 'r2_val': -0.7198877697687689, 'rmse_train': 0.26948813389230397, 'rmse_val': 0.2901573388212617, 'train_loss': 0.037440973766383154, 'train_mse': 0.07488194753276631, 'train_r_squared': -1.0154907989642172, 'train_rmse': 0.2736456605407188, 'val_loss': 0.04139836534401363, 'val_mse': 0.08279673068802726, 'val_r_squared': -0.6913994220778343, 'val_rmse': 0.287744210520433}","{'l_r': 0.001, 'optimizer': 'mini_batch_gradient_descent', 'no_of_epochs': 200, 'neurons_per_layer': [16, 10, 5], 'activation_function': 'tanh'}","l_r_0.001_act_tanh_opt_mini_batch_gradient_descent_hl_3_neurons_[16, 10, 5]_epochs_200"
85,"{'_runtime': 1.850588, '_step': 201, '_timestamp': 1728682285.926962, '_wandb': {'runtime': 1}, 'epoch': 199, 'mae_train': 0.4126032459784156, 'mae_val': 0.5059265531160495, 'mse_train': 0.30978173699728584, 'mse_val': 0.34777701979034426, 'r2_train': -7.33795408876056, 'r2_val': -6.10450576245277, 'rmse_train': 0.5565803958075471, 'rmse_val': 0.5897262244383781, 'train_loss': 0.15489086849864292, 'train_mse': 0.30978173699728584, 'train_r_squared': -7.33795408876056, 'train_rmse': 0.5565803958075471, 'val_loss': 0.17388850989517213, 'val_mse': 0.34777701979034426, 'val_r_squared': -6.10450576245277, 'val_rmse': 0.5897262244383781}","{'l_r': 0.001, 'optimizer': 'batch_gradient_descent', 'no_of_epochs': 200, 'neurons_per_layer': [16, 10, 5], 'activation_function': 'tanh'}","l_r_0.001_act_tanh_opt_batch_gradient_descent_hl_3_neurons_[16, 10, 5]_epochs_200"
86,"{'_runtime': 0.794532, '_step': 7, '_timestamp': 1728682296.418412, '_wandb': {'runtime': 0}, 'epoch': 5, 'mae_train': 0.11509503276803082, 'mae_val': 0.21352330382587795, 'mse_train': 0.02198975845229546, 'mse_val': 0.06674944084370701, 'r2_train': 0.4081329707316465, 'r2_val': -0.36357999559746434, 'rmse_train': 0.14828944147273418, 'rmse_val': 0.25835913152762185, 'train_loss': 0.011361010721706291, 'train_mse': 0.022722021443412583, 'train_r_squared': 0.3884236900619258, 'train_rmse': 0.1507382547444828, 'val_loss': 0.03434094493798392, 'val_mse': 0.06868188987596784, 'val_r_squared': -0.40305671344851657, 'val_rmse': 0.2620722989481487}","{'l_r': 0.001, 'optimizer': 'sgd', 'no_of_epochs': 200, 'neurons_per_layer': [16, 10, 5], 'activation_function': 'tanh'}","l_r_0.001_act_tanh_opt_sgd_hl_3_neurons_[16, 10, 5]_epochs_200"
87,"{'_runtime': 1.410494, '_step': 133, '_timestamp': 1728682302.5512068, '_wandb': {'runtime': 1}, 'epoch': 131, 'mae_train': 0.12679455970389683, 'mae_val': 0.17113103938968222, 'mse_train': 0.0314091003442302, 'mse_val': 0.04941766175380076, 'r2_train': 0.15460595199077387, 'r2_val': -0.009520591407883083, 'rmse_train': 0.17722612771324153, 'rmse_val': 0.22230083615182547, 'train_loss': 0.01577149378027568, 'train_mse': 0.03154298756055136, 'train_r_squared': 0.15100230035663154, 'train_rmse': 0.177603455936396, 'val_loss': 0.024706079532604005, 'val_mse': 0.04941215906520801, 'val_r_squared': -0.009408180637212382, 'val_rmse': 0.22228845913633935}","{'l_r': 0.001, 'optimizer': 'mini_batch_gradient_descent', 'no_of_epochs': 400, 'neurons_per_layer': [16, 10, 5], 'activation_function': 'tanh'}","l_r_0.001_act_tanh_opt_mini_batch_gradient_descent_hl_3_neurons_[16, 10, 5]_epochs_400"
88,"{'_runtime': 1.461393, '_step': 226, '_timestamp': 1728682313.456339, '_wandb': {'runtime': 1}, 'epoch': 224, 'mae_train': 0.18530997123414225, 'mae_val': 0.20761207256038475, 'mse_train': 0.05686724410025396, 'mse_val': 0.06255139353823967, 'r2_train': -0.5306146677924131, 'r2_val': -0.27782087531193755, 'rmse_train': 0.2384685390156403, 'rmse_val': 0.2501027659547964, 'train_loss': 0.02855267045035192, 'train_mse': 0.057105340900703835, 'train_r_squared': -0.5370231804764556, 'train_rmse': 0.2389672381325604, 'val_loss': 0.031198518341558703, 'val_mse': 0.06239703668311741, 'val_r_squared': -0.2746676216341897, 'val_rmse': 0.249793988484746}","{'l_r': 0.001, 'optimizer': 'batch_gradient_descent', 'no_of_epochs': 400, 'neurons_per_layer': [16, 10, 5], 'activation_function': 'tanh'}","l_r_0.001_act_tanh_opt_batch_gradient_descent_hl_3_neurons_[16, 10, 5]_epochs_400"
89,"{'_runtime': 2.198783, '_step': 39, '_timestamp': 1728682329.511529, '_wandb': {'runtime': 2}, 'epoch': 37, 'mae_train': 0.07478005336363668, 'mae_val': 0.11816332848080131, 'mse_train': 0.010850729299202689, 'mse_val': 0.02965827420835096, 'r2_train': 0.7079463637744605, 'r2_val': 0.3941308136326611, 'rmse_train': 0.10416683396937187, 'rmse_val': 0.1722157780470505, 'train_loss': 0.005505075228160698, 'train_mse': 0.011010150456321395, 'train_r_squared': 0.7036554513994534, 'train_rmse': 0.10492926406070612, 'val_loss': 0.014772936142867257, 'val_mse': 0.029545872285734513, 'val_r_squared': 0.396426997858464, 'val_rmse': 0.17188912788694494}","{'l_r': 0.001, 'optimizer': 'sgd', 'no_of_epochs': 400, 'neurons_per_layer': [16, 10, 5], 'activation_function': 'tanh'}","l_r_0.001_act_tanh_opt_sgd_hl_3_neurons_[16, 10, 5]_epochs_400"
90,"{'_runtime': 1.496216, '_step': 144, '_timestamp': 1728682340.200104, '_wandb': {'runtime': 1}, 'epoch': 142, 'mae_train': 0.11981301746763127, 'mae_val': 0.1507685965103814, 'mse_train': 0.027192893060233845, 'mse_val': 0.04792347309164476, 'r2_train': 0.26808760234050866, 'r2_val': 0.021003196411330305, 'rmse_train': 0.16490267754112983, 'rmse_val': 0.21891430536089865, 'train_loss': 0.01384664177908997, 'train_mse': 0.02769328355817994, 'train_r_squared': 0.25461930353513684, 'train_rmse': 0.1664129909537712, 'val_loss': 0.02392012896685337, 'val_mse': 0.04784025793370674, 'val_r_squared': 0.02270314360580139, 'val_rmse': 0.21872415946508228}","{'l_r': 0.0001, 'optimizer': 'mini_batch_gradient_descent', 'no_of_epochs': 200, 'neurons_per_layer': [8], 'activation_function': 'tanh'}",l_r_0.0001_act_tanh_opt_mini_batch_gradient_descent_hl_1_neurons_[8]_epochs_200
91,"{'_runtime': 1.562131, '_step': 201, '_timestamp': 1728682356.058725, '_wandb': {'runtime': 1}, 'epoch': 199, 'mae_train': 0.6317056166704677, 'mae_val': 0.5829961090479797, 'mse_train': 0.46470345089654413, 'mse_val': 0.4650327036882815, 'r2_train': -11.507761354885584, 'r2_val': -8.499844253867275, 'rmse_train': 0.6816916098182111, 'rmse_val': 0.68193306393537, 'train_loss': 0.23235172544827207, 'train_mse': 0.46470345089654413, 'train_r_squared': -11.507761354885584, 'train_rmse': 0.6816916098182111, 'val_loss': 0.2325163518441407, 'val_mse': 0.4650327036882815, 'val_r_squared': -8.499844253867275, 'val_rmse': 0.68193306393537}","{'l_r': 0.0001, 'optimizer': 'batch_gradient_descent', 'no_of_epochs': 200, 'neurons_per_layer': [8], 'activation_function': 'tanh'}",l_r_0.0001_act_tanh_opt_batch_gradient_descent_hl_1_neurons_[8]_epochs_200
92,"{'_runtime': 0.568978, '_step': 8, '_timestamp': 1728682373.0854442, '_wandb': {'runtime': 0}, 'epoch': 6, 'mae_train': 0.2879076180407046, 'mae_val': 0.4195112869811471, 'mse_train': 0.19876197710616297, 'mse_val': 0.2174284395911381, 'r2_train': -4.349793231087037, 'r2_val': -3.4417011880991533, 'rmse_train': 0.4458272951560536, 'rmse_val': 0.4662922255315202, 'train_loss': 0.10280772469956524, 'train_mse': 0.20561544939913048, 'train_r_squared': -4.5342583899477615, 'train_rmse': 0.4534483977247361, 'val_loss': 0.10529821561692984, 'val_mse': 0.21059643123385963, 'val_r_squared': -3.3021346268218403, 'val_rmse': 0.4589078679145299}","{'l_r': 0.0001, 'optimizer': 'sgd', 'no_of_epochs': 200, 'neurons_per_layer': [8], 'activation_function': 'tanh'}",l_r_0.0001_act_tanh_opt_sgd_hl_1_neurons_[8]_epochs_200
93,"{'_runtime': 1.430611, '_step': 139, '_timestamp': 1728682379.502829, '_wandb': {'runtime': 1}, 'epoch': 137, 'mae_train': 0.4219525820672906, 'mae_val': 0.403855645859598, 'mse_train': 0.30094022712592794, 'mse_val': 0.22243659867523333, 'r2_train': -7.0999797520637795, 'r2_val': -3.5440095438774746, 'rmse_train': 0.5485801920648684, 'rmse_val': 0.4716318465447741, 'train_loss': 0.15083818040200198, 'train_mse': 0.30167636080400395, 'train_r_squared': -7.119793214505053, 'train_rmse': 0.5492507267214163, 'val_loss': 0.11120325685534072, 'val_mse': 0.22240651371068143, 'val_r_squared': -3.543394958117463, 'val_rmse': 0.47159995092311174}","{'l_r': 0.0001, 'optimizer': 'mini_batch_gradient_descent', 'no_of_epochs': 400, 'neurons_per_layer': [8], 'activation_function': 'tanh'}",l_r_0.0001_act_tanh_opt_mini_batch_gradient_descent_hl_1_neurons_[8]_epochs_400
94,"{'_runtime': 1.366235, '_step': 115, '_timestamp': 1728682395.057805, '_wandb': {'runtime': 1}, 'epoch': 113, 'mae_train': 0.23426677352826944, 'mae_val': 0.13770757997291283, 'mse_train': 0.0774226655056645, 'mse_val': 0.03295537127097763, 'r2_train': -1.0838756883248817, 'r2_val': 0.32677660749529625, 'rmse_train': 0.27824928662202264, 'rmse_val': 0.18153614315330607, 'train_loss': 0.03882106455828558, 'train_mse': 0.07764212911657116, 'train_r_squared': -1.089782677967429, 'train_rmse': 0.27864337264067696, 'val_loss': 0.016476560286348422, 'val_mse': 0.032953120572696844, 'val_r_squared': 0.3268225855156812, 'val_rmse': 0.1815299440111654}","{'l_r': 0.0001, 'optimizer': 'batch_gradient_descent', 'no_of_epochs': 400, 'neurons_per_layer': [8], 'activation_function': 'tanh'}",l_r_0.0001_act_tanh_opt_batch_gradient_descent_hl_1_neurons_[8]_epochs_400
95,"{'_runtime': 0.865727, '_step': 12, '_timestamp': 1728682411.12748, '_wandb': {'runtime': 0}, 'epoch': 10, 'mae_train': 0.1701836213594655, 'mae_val': 0.2503066093695923, 'mse_train': 0.05197394963720055, 'mse_val': 0.09315030394633332, 'r2_train': -0.39890882557201435, 'r2_val': -0.9029056938837056, 'rmse_train': 0.2279779586653073, 'rmse_val': 0.30520534717847475, 'train_loss': 0.02747620464041119, 'train_mse': 0.05495240928082238, 'train_r_squared': -0.4790757844265401, 'train_rmse': 0.23441930227867835, 'val_loss': 0.04409584021716246, 'val_mse': 0.08819168043432492, 'val_r_squared': -0.8016092674086757, 'val_rmse': 0.2969708410506407}","{'l_r': 0.0001, 'optimizer': 'sgd', 'no_of_epochs': 400, 'neurons_per_layer': [8], 'activation_function': 'tanh'}",l_r_0.0001_act_tanh_opt_sgd_hl_1_neurons_[8]_epochs_400
96,"{'_runtime': 1.625031, '_step': 201, '_timestamp': 1728682426.9719412, '_wandb': {'runtime': 1}, 'epoch': 199, 'mae_train': 0.2395396279921679, 'mae_val': 0.24785626159255453, 'mse_train': 0.09115873142903862, 'mse_val': 0.09598028864922216, 'r2_train': -1.4535898236364972, 'r2_val': -0.9607175718549628, 'rmse_train': 0.3019250427325276, 'rmse_val': 0.30980685700807553, 'train_loss': 0.04557936571451931, 'train_mse': 0.09115873142903862, 'train_r_squared': -1.4535898236364972, 'train_rmse': 0.3019250427325276, 'val_loss': 0.04799014432461108, 'val_mse': 0.09598028864922216, 'val_r_squared': -0.9607175718549628, 'val_rmse': 0.30980685700807553}","{'l_r': 0.0001, 'optimizer': 'mini_batch_gradient_descent', 'no_of_epochs': 200, 'neurons_per_layer': [16, 10], 'activation_function': 'tanh'}","l_r_0.0001_act_tanh_opt_mini_batch_gradient_descent_hl_2_neurons_[16, 10]_epochs_200"
97,"{'_runtime': 1.32262, '_step': 201, '_timestamp': 1728682442.807137, '_wandb': {'runtime': 1}, 'epoch': 199, 'mae_train': 0.6914265407833029, 'mae_val': 0.8794082101829782, 'mse_train': 0.5118333574410106, 'mse_val': 0.9110216380282932, 'r2_train': -12.776289967270438, 'r2_val': -17.610655991568972, 'rmse_train': 0.7154252982953639, 'rmse_val': 0.9544745350339596, 'train_loss': 0.2559166787205053, 'train_mse': 0.5118333574410106, 'train_r_squared': -12.776289967270438, 'train_rmse': 0.7154252982953639, 'val_loss': 0.45551081901414664, 'val_mse': 0.9110216380282932, 'val_r_squared': -17.610655991568972, 'val_rmse': 0.9544745350339596}","{'l_r': 0.0001, 'optimizer': 'batch_gradient_descent', 'no_of_epochs': 200, 'neurons_per_layer': [16, 10], 'activation_function': 'tanh'}","l_r_0.0001_act_tanh_opt_batch_gradient_descent_hl_2_neurons_[16, 10]_epochs_200"
98,"{'_runtime': 2.285544, '_step': 12, '_timestamp': 1728682451.131743, '_wandb': {'runtime': 2}, 'epoch': 10, 'mae_train': 0.2304290627829419, 'mae_val': 0.33036744134693397, 'mse_train': 0.0779891845371775, 'mse_val': 0.14784562222965475, 'r2_train': -1.099123874744618, 'r2_val': -2.020240025396756, 'rmse_train': 0.2792654374196304, 'rmse_val': 0.3845069859308862, 'train_loss': 0.04048968713917565, 'train_mse': 0.0809793742783513, 'train_r_squared': -1.1796065559389857, 'train_rmse': 0.2845687514087787, 'val_loss': 0.07383394341910006, 'val_mse': 0.14766788683820012, 'val_r_squared': -2.016609187127044, 'val_rmse': 0.38427579528016087}","{'l_r': 0.0001, 'optimizer': 'sgd', 'no_of_epochs': 200, 'neurons_per_layer': [16, 10], 'activation_function': 'tanh'}","l_r_0.0001_act_tanh_opt_sgd_hl_2_neurons_[16, 10]_epochs_200"
99,"{'_runtime': 1.5156770000000002, '_step': 401, '_timestamp': 1728682460.508098, '_wandb': {'runtime': 1}, 'epoch': 399, 'mae_train': 0.23342617010192948, 'mae_val': 0.3895102780164963, 'mse_train': 0.08513106151247544, 'mse_val': 0.21193503323926569, 'r2_train': -1.2913516119405402, 'r2_val': -3.3294800381626217, 'rmse_train': 0.2917722768058601, 'rmse_val': 0.4603640225291999, 'train_loss': 0.04256553075623772, 'train_mse': 0.08513106151247544, 'train_r_squared': -1.2913516119405402, 'train_rmse': 0.2917722768058601, 'val_loss': 0.10596751661963284, 'val_mse': 0.21193503323926569, 'val_r_squared': -3.3294800381626217, 'val_rmse': 0.4603640225291999}","{'l_r': 0.0001, 'optimizer': 'mini_batch_gradient_descent', 'no_of_epochs': 400, 'neurons_per_layer': [16, 10], 'activation_function': 'tanh'}","l_r_0.0001_act_tanh_opt_mini_batch_gradient_descent_hl_2_neurons_[16, 10]_epochs_400"
100,"{'_runtime': 1.352534, '_step': 401, '_timestamp': 1728682471.128554, '_wandb': {'runtime': 1}, 'epoch': 399, 'mae_train': 0.6011943709684734, 'mae_val': 0.4792019285971089, 'mse_train': 0.5329640420944463, 'mse_val': 0.35454098214873125, 'r2_train': -13.345034529852477, 'r2_val': -6.242682257211233, 'rmse_train': 0.7300438631304603, 'rmse_val': 0.595433440569751, 'train_loss': 0.2664820210472231, 'train_mse': 0.5329640420944463, 'train_r_squared': -13.345034529852477, 'train_rmse': 0.7300438631304603, 'val_loss': 0.17727049107436563, 'val_mse': 0.35454098214873125, 'val_r_squared': -6.242682257211233, 'val_rmse': 0.595433440569751}","{'l_r': 0.0001, 'optimizer': 'batch_gradient_descent', 'no_of_epochs': 400, 'neurons_per_layer': [16, 10], 'activation_function': 'tanh'}","l_r_0.0001_act_tanh_opt_batch_gradient_descent_hl_2_neurons_[16, 10]_epochs_400"
101,"{'_runtime': 2.528069, '_step': 168, '_timestamp': 1728682488.7926269, '_wandb': {'runtime': 2}, 'epoch': 166, 'mae_train': 0.12002138110667132, 'mae_val': 0.17459593340515447, 'mse_train': 0.027038704873939168, 'mse_val': 0.049479715265063534, 'r2_train': 0.27223766628816337, 'r2_val': -0.0107882413768563, 'rmse_train': 0.1644345002544757, 'rmse_val': 0.22244036338997367, 'train_loss': 0.0135908930166785, 'train_mse': 0.027181786033356997, 'train_r_squared': 0.2683865543738321, 'train_rmse': 0.16486899658018483, 'val_loss': 0.024739344139111778, 'val_mse': 0.049478688278223555, 'val_r_squared': -0.01076726174477205, 'val_rmse': 0.2224380549236653}","{'l_r': 0.0001, 'optimizer': 'sgd', 'no_of_epochs': 400, 'neurons_per_layer': [16, 10], 'activation_function': 'tanh'}","l_r_0.0001_act_tanh_opt_sgd_hl_2_neurons_[16, 10]_epochs_400"
102,"{'_runtime': 1.578927, '_step': 51, '_timestamp': 1728682498.682122, '_wandb': {'runtime': 1}, 'epoch': 49, 'mae_train': 0.20004616535577505, 'mae_val': 0.21118146197896853, 'mse_train': 0.06596331491789893, 'mse_val': 0.06297517536643941, 'r2_train': -0.7754406591525911, 'r2_val': -0.28647803282706863, 'rmse_train': 0.2568332434049357, 'rmse_val': 0.2509485512339918, 'train_loss': 0.033837173797664176, 'train_mse': 0.06767434759532835, 'train_r_squared': -0.8214940903427603, 'train_rmse': 0.2601429368545845, 'val_loss': 0.03139017022665512, 'val_mse': 0.06278034045331024, 'val_r_squared': -0.28249787978565255, 'val_rmse': 0.2505600535865808}","{'l_r': 0.0001, 'optimizer': 'mini_batch_gradient_descent', 'no_of_epochs': 200, 'neurons_per_layer': [16, 10, 5], 'activation_function': 'tanh'}","l_r_0.0001_act_tanh_opt_mini_batch_gradient_descent_hl_3_neurons_[16, 10, 5]_epochs_200"
103,"{'_runtime': 2.430191, '_step': 201, '_timestamp': 1728682509.121354, '_wandb': {'runtime': 2}, 'epoch': 199, 'mae_train': 0.7593340714667669, 'mae_val': 0.863873132522616, 'mse_train': 0.6683058285719955, 'mse_val': 0.8610775647981412, 'r2_train': -16.987836758540755, 'r2_val': -16.59038168972498, 'rmse_train': 0.8174997422458282, 'rmse_val': 0.9279426516752752, 'train_loss': 0.33415291428599775, 'train_mse': 0.6683058285719955, 'train_r_squared': -16.987836758540755, 'train_rmse': 0.8174997422458282, 'val_loss': 0.4305387823990706, 'val_mse': 0.8610775647981412, 'val_r_squared': -16.59038168972498, 'val_rmse': 0.9279426516752752}","{'l_r': 0.0001, 'optimizer': 'batch_gradient_descent', 'no_of_epochs': 200, 'neurons_per_layer': [16, 10, 5], 'activation_function': 'tanh'}","l_r_0.0001_act_tanh_opt_batch_gradient_descent_hl_3_neurons_[16, 10, 5]_epochs_200"
104,"{'_runtime': 4.983426, '_step': 201, '_timestamp': 1728682529.475939, '_wandb': {'runtime': 4}, 'epoch': 199, 'mae_train': 0.08695669610451645, 'mae_val': 0.1597853173456413, 'mse_train': 0.01399876098494638, 'mse_val': 0.05794615812324092, 'r2_train': 0.6232152756214995, 'r2_val': -0.18374357956929763, 'rmse_train': 0.11831635975192265, 'rmse_val': 0.24072008250921012, 'train_loss': 0.006999380492473189, 'train_mse': 0.01399876098494638, 'train_r_squared': 0.6232152756214995, 'train_rmse': 0.11831635975192265, 'val_loss': 0.02897307906162046, 'val_mse': 0.05794615812324092, 'val_r_squared': -0.18374357956929763, 'val_rmse': 0.24072008250921012}","{'l_r': 0.0001, 'optimizer': 'sgd', 'no_of_epochs': 200, 'neurons_per_layer': [16, 10, 5], 'activation_function': 'tanh'}","l_r_0.0001_act_tanh_opt_sgd_hl_3_neurons_[16, 10, 5]_epochs_200"
105,"{'_runtime': 1.399453, '_step': 401, '_timestamp': 1728682536.871933, '_wandb': {'runtime': 1}, 'epoch': 399, 'mae_train': 0.25196923135928995, 'mae_val': 0.3298752197769948, 'mse_train': 0.1088528300308522, 'mse_val': 0.17500407281865904, 'r2_train': -1.929836690911364, 'r2_val': -2.575041975293237, 'rmse_train': 0.32992852260884054, 'rmse_val': 0.4183348811880967, 'train_loss': 0.054426415015426104, 'train_mse': 0.1088528300308522, 'train_r_squared': -1.929836690911364, 'train_rmse': 0.32992852260884054, 'val_loss': 0.08750203640932952, 'val_mse': 0.17500407281865904, 'val_r_squared': -2.575041975293237, 'val_rmse': 0.4183348811880967}","{'l_r': 0.0001, 'optimizer': 'mini_batch_gradient_descent', 'no_of_epochs': 400, 'neurons_per_layer': [16, 10, 5], 'activation_function': 'tanh'}","l_r_0.0001_act_tanh_opt_mini_batch_gradient_descent_hl_3_neurons_[16, 10, 5]_epochs_400"
106,"{'_runtime': 1.398107, '_step': 401, '_timestamp': 1728682547.128094, '_wandb': {'runtime': 1}, 'epoch': 399, 'mae_train': 0.34894706849593826, 'mae_val': 0.23734721852693844, 'mse_train': 0.1786464544528243, 'mse_val': 0.11780106299794504, 'r2_train': -3.8083723391368096, 'r2_val': -1.4064796788370164, 'rmse_train': 0.4226658898619858, 'rmse_val': 0.34322159459734614, 'train_loss': 0.08932322722641214, 'train_mse': 0.1786464544528243, 'train_r_squared': -3.8083723391368096, 'train_rmse': 0.4226658898619858, 'val_loss': 0.058900531498972515, 'val_mse': 0.11780106299794504, 'val_r_squared': -1.4064796788370164, 'val_rmse': 0.34322159459734614}","{'l_r': 0.0001, 'optimizer': 'batch_gradient_descent', 'no_of_epochs': 400, 'neurons_per_layer': [16, 10, 5], 'activation_function': 'tanh'}","l_r_0.0001_act_tanh_opt_batch_gradient_descent_hl_3_neurons_[16, 10, 5]_epochs_400"
107,"{'_runtime': 0.672262, '_step': 6, '_timestamp': 1728682557.6697862, '_wandb': {'runtime': 0}, 'epoch': 4, 'mae_train': 0.2107225985211158, 'mae_val': 0.46736250322374023, 'mse_train': 0.07494229831985859, 'mse_val': 0.35158418172605793, 'r2_train': -1.0171151752004457, 'r2_val': -6.182279745124698, 'rmse_train': 0.2737559101094597, 'rmse_val': 0.5929453446364664, 'train_loss': 0.039468546350449454, 'train_mse': 0.07893709270089891, 'train_r_squared': -1.124637369588053, 'train_rmse': 0.2809574571014247, 'val_loss': 0.17125153107366145, 'val_mse': 0.3425030621473229, 'val_r_squared': -5.996767584443295, 'val_rmse': 0.5852376116991481}","{'l_r': 0.0001, 'optimizer': 'sgd', 'no_of_epochs': 400, 'neurons_per_layer': [16, 10, 5], 'activation_function': 'tanh'}","l_r_0.0001_act_tanh_opt_sgd_hl_3_neurons_[16, 10, 5]_epochs_400"
